BindingDB MonomerID,Ligand SMILES,IC50 (nM)
50035247,CC(C)C(C(=O)NO)C(=O)NC(Cc1c[nH]c2ccccc12)C(O)=O,10.522878745280337
155343,C[C@H](C[C@@H](Cc1ccc(cc1)-c1cccc(Cl)c1)NC(=O)c1cc(n[nH]1)C(O)=O)C(O)=O,10.522878745280337
50035246,CC(C)CC(C(=O)NO)C(=O)NC(Cc1c[nH]c2ccccc12)C(O)=O,10.522878745280337
153121,C[C@@H](C[C@@H](Cc1ccc(cc1)-c1cccc(Cl)c1)NC(=O)c1cc(O)no1)C(O)=O,10.397940008672037
309469,C[C@H](C[C@@H](Cc1ccc(cc1)-c1cccc(Cl)c1)NC(=O)C(\O)=C\C(O)=N)C(O)=O,10.397940008672037
50175518,OC(=O)[C@H]1CCCC2N1C(=O)[C@H](Cc1ccccc21)NC(=O)[C@H](S)Cc1ccccc1,10.096910013008056
138390,CCOC(=O)[C@H](C)N[C@@H](Cc1ccc(cc1)-c1cccc(Cl)c1)C(=O)Nc1nnn[nH]1,10.045757490560675
186570,OC(=O)C[C@@H](Cc1ccc(cc1)-c1cc(Cl)ccc1F)NC(=O)CCP(O)(O)=O,9.958607314841775
50073120,OC(=O)[C@@H]1CCC[C@@H]2SCC[C@H](NC(=O)[C@@H](S)Cc3ccccc3)C(=O)N12,9.700000503883016
138396,CC[C@H](N[C@@H](Cc1ccc(cc1)-c1cccc(Cl)c1)C(=O)NC1=NNNN1)C(O)=O,9.698970004336019
138395,OC(=O)[C@H](CCc1ccccc1)N[C@@H](Cc1ccc(cc1)-c1cccc(Cl)c1)C(=O)NC1=NNNN1,9.698970004336019
50008612,[O-]S(=O)(=O)c1cccc(NC(=O)C(CS)Cc2ccccc2)c1,9.568636235841012
153128,C[C@H](C[C@@H](Cc1ccc(cc1)-c1cccc(Cl)c1)NC(=O)CCC(O)=O)C(O)=O,9.522878745280337
155344,C[C@H](C[C@@H](Cc1ccc(cc1)-c1cccc(Cl)c1)NC(=O)c1ccc(o1)C(O)=O)C(O)=O,9.522878745280337
50344195,COCC[C@H](NC1(CCCC1)C(=O)N[C@@H](Cc1ncc(o1)-c1ccc(Cl)cc1)C(O)=O)C(O)=O,9.522878745280337
50344193,COCC[C@H](NC1(CCCC1)C(=O)N[C@@H](Cc1ncc(o1)-c1ccccc1)C(O)=O)C(O)=O,9.522878745280337
138391,C[C@H](N[C@@H](Cc1ccc(cc1)-c1cc(Cl)ccc1Cl)C(=O)Nc1nnn[nH]1)C(=O)OC(C)(C)C,9.522878745280337
50354041,OC(=O)CCNC(=O)[C@H](Cc1ccc(cc1)-c1ccccc1)N[C@@H](CCc1ccccc1)C(O)=O,9.443697499232712
130359,COc1ccc(Cl)cc1-c1ccc(C[C@H](CC(O)=O)NC(=O)CCC(O)=O)cc1,9.42021640338319
50251742,CC(C)C[C@H](NP(O)(=O)O[C@@H]1O[C@@H](C)[C@H](O)[C@@H](O)[C@H]1O)C(=O)N[C@@H](Cc1c[nH]c2ccccc12)C(O)=O,9.397940008672037
50024094,C[C@@H](NC(=O)[C@H](CS)Cc1ccccc1)C(O)=O,9.387216143280265
50024101,C[C@H](NC(=O)[C@@H](CS)Cc1ccccc1)C(O)=O,9.318758762624412
50367820,ONC(=O)C[C@@H](Cc1ccccc1)NC(=O)CC(O)=O,9.301029995663981
50354042,C[C@@H](CNC(=O)[C@H](Cc1ccc(cc1)-c1ccccc1)N[C@@H](CCc1ccccc1)C(O)=O)C(O)=O,9.292429823902063
50024100,C[C@@H](C(O)=O)C(=O)N[C@H](CS)Cc1ccccc1,9.267606240177031
50291559,OP(O)(=O)C(Cc1ccc2OCOc2c1)N[C@@H](Cc1ccc(cc1)-c1ccccc1)c1nnn[nH]1,9.221848749616356
50344191,CCC[C@H](NC1(CCCC1)C(=O)N[C@@H](Cc1ncc(o1)-c1ccccc1)C(O)=O)C(O)=O,9.221848749616356
50197517,COCC[C@H](CC1(CCCC1)C(=O)NCCCc1ccc(Cl)cc1)C(O)=O,9.221848749616356
50403254,OC(=O)CN1c2ccccc2OC[C@H](NC(=O)[C@@H](CS)Cc2ccccc2)C1=O,9.221848749616356
50085452,CS(=O)(=O)N[C@@H](CCCCN)C(=O)NC[C@H](CC1(CCCC1)C(=O)N[C@@H](Cc1ccc(O)cc1)C(O)=O)C(O)=O,9.221848749616356
50503875,CCOc1nc(CC)c(CNC(=O)[C@@H](S)CC(C)C)n1Cc1ccc(cc1F)-c1ccccc1C(O)=O,9.200000237109354
50503883,CCCCc1nc(C)c(CNC(=O)[C@@H](S)CC(C)C)n1Cc1ccc(cc1)-c1ccccc1C(O)=O,9.200000237109354
50024097,C[C@H](C(O)=O)C(=O)N[C@H](CS)Cc1ccccc1,9.187086643357144
50287299,OC(=O)Cc1csc(NC(=O)[C@@H](C[C@@H](COc2ccccc2)C(O)=O)Cc2ccc(cc2)-c2ccccc2)n1,9.161150909262744
50291555,OP(O)(=O)C(Cc1cccc2OCOc12)N[C@@H](Cc1ccc(cc1)-c1ccccc1)c1nnn[nH]1,9.154901959985743
50034841,OC(=O)CCNC(=O)[C@@H](CCC(O)=O)Cc1ccc(cc1)-c1ccccc1,9.154901959985743
50034846,C[C@H](C[C@H](Cc1ccc(cc1)-c1ccccc1)NC(=O)CCC(O)=O)C(O)=O,9.130768280269024
50291558,OP(O)(=O)C(Cc1ccccc1)N[C@@H](Cc1ccc(cc1)-c1ccccc1)c1nnn[nH]1,9.130768280269024
50024098,CC(C)C[C@H](C(O)=O)C(=O)N[C@H](CS)Cc1ccccc1,9.1249387366083
50509659,CC(C[C@@H](Cc1ccc(cc1)-c1cccc(Cl)c1)NC(=O)CCC(O)=O)C(O)=O,9.096910013008056
50042828,O[C@@H]1C[C@H](N(C1)C(=O)C1CCCCCCC(CS)C(=O)N1)C(O)=O,9.096910013008056
50400808,O[C@@H]1C[C@H](N(C1)C(=O)[C@@H]1CCCCCC[C@@H](CS)C(=O)N1)C(O)=O,9.096910013008056
50034851,OC(=O)CCNC(=O)[C@H](Cc1ccc(cc1)-c1ccccc1)NCP(O)(O)=O,9.09151498112135
50008616,[O-]S(=O)(=O)CCNC(=O)[C@@H](CS)Cc1ccccc1,9.086186147616283
50064106,OP(O)(=O)CN[C@@H](Cc1ccc(cc1)-c1ccccc1)c1nnn[nH]1,9.045757490560675
50008595,CC(C)CC(CS)C(=O)Nc1ccc(cc1)S([O-])(=O)=O,9.045757490560675
50056252,OC(=O)[C@@H]1CCCCc2ccccc2C[C@H](CS)C(=O)N1,9.045757490560675
50051784,OC(=O)[C@@H]1CC[C@@H](N1C(=O)CNC(=O)[C@@H](S)Cc1ccccc1)c1ccccc1O,9.0
50025920,COC(=O)CNC(=O)C(Cc1ccccc1)C(=O)NO,9.0
21641,OC(=O)CNC(=O)C(CS)Cc1ccccc1,9.0
50403250,OC(=O)CN1c2ccccc2SC[C@H](NC(=O)[C@@H](CS)Cc2ccccc2)C1=O,9.0
153108,C[C@H](C[C@@H](Cc1ccc(cc1)-c1ccccc1)NC(=O)c1cc(ncn1)C(O)=O)C(O)=O,9.0
50503895,CCOc1nc(CC)c(CNC(=O)[C@@H](S)CC(C)C)n1Cc1ccc(cc1)-c1ccccc1C(O)=O,9.0
50503881,CCCCc1nc(Cl)c(CNC(=O)[C@@H](S)CC(C)C)n1Cc1ccc(cc1)-c1ccccc1C(O)=O,9.0
50503884,CCCCc1nc(C2CC2)c(CNC(=O)[C@@H](S)CC(C)C)n1Cc1ccc(cc1)-c1ccccc1C(O)=O,9.0
50503886,CCCOc1nc(CC)c(CNC(=O)[C@@H](S)CC(C)C)n1Cc1ccc(cc1)-c1ccccc1C(O)=O,9.0
50105264,C[C@H](NC(=O)[C@@H](CC(=O)NO)Cc1ccccc1)C([O-])=O,9.0
50035236,CC(C)C(C(=O)NO)C(=O)NCCC(O)=O,9.0
50035251,CC(C)C(C(=O)NO)C(=O)NC(CC(N)=O)C(O)=O,9.0
50008602,Cc1ccc(CC(CS)C(=O)Nc2ccc(cc2)S([O-])(=O)=O)cc1,8.958607314841775
50025914,ON(CC(Cc1ccccc1)C(=O)NCC(=O)NCc1ccccc1)C=O,8.920818753952375
50403253,OC(=O)CCN1c2ccccc2OC[C@H](NC(=O)[C@@H](S)Cc2ccccc2)C1=O,8.920818753952375
50051803,OC(=O)[C@@H]1CC[C@@H](N1C(=O)CNC(=O)C(S)Cc1ccc(Cl)cc1)c1ccccc1O,8.920818753952375
50048318,CC(C)[C@H](S)C(=O)NC1(CCCC1)C(=O)N[C@@H](CCc1ccccc1)C(O)=O,8.920818753952375
50050158,C[C@H](NC(=O)[C@H](S)Cc1ccccc1)C(=O)N1CCCC1C(O)=O,8.886056647693163
50085454,ON(C[C@@H](Cc1ccccc1)C(=O)N[C@H]1CCc2ccccc2N(CC(O)=O)C1=O)C=O,8.886056647693163
50041071,CC(C(CS)C(=O)NCC(O)=O)c1ccccc1,8.886056647693163
50285328,OP(O)(=O)CN[C@@H](Cc1ccc(cc1)-c1ccccc1)C(=O)Nc1nnn[nH]1,8.853871964321762
50002022,ONC(=O)CC(Cc1ccccc1)C(=O)NCC(O)=O,8.853871964321762
50017742,[O-]C(=O)CCCNC(=O)[C@@H](C[C@@H](Cc1ccccc1)C([O-])=O)Cc1ccccc1,8.853871964321762
50050127,CC[C@@H](C)[C@H](NC(=O)[C@@H](S)C(C)C)C(=O)N[C@@H](Cc1ccc(O)cc1)C(O)=O,8.853871964321762
50025913,ON(C=O)C(Cc1ccccc1)C(=O)NCC(O)=O,8.823908740944319
50291557,OP(O)(=O)C(Cc1cccc2cccnc12)N[C@@H](Cc1ccc(cc1)-c1ccccc1)c1nnn[nH]1,8.823908740944319
50051800,Cc1cccc(c1)C1CCC(N1C(=O)CNC(=O)[C@@H](S)Cc1ccc(O)cc1)C(O)=O,8.823908740944319
50008605,[O-]S(=O)(=O)CCNC(=O)C(CS)Cc1ccccc1,8.823908740944319
50048312,CC(C)[C@H](S)C(=O)NC1(CCCC1)C(=O)N[C@@H](Cc1ccc(O)cc1)C(O)=O,8.823908740944319
50285340,COc1cc(C[C@H](NCP(O)(O)=O)c2nnn[nH]2)ccc1-c1ccccc1,8.823908740944319
50048320,CC(C)[C@H](S)C(=O)NC1(CCCC1)C(=O)N[C@@H](Cc1cccs1)C(O)=O,8.823908740944319
50039513,CSC[C@@H](NC(=O)[C@@H](CS)Cc1ccccc1)C(O)=O,8.823908740944319
50024099,CC(C)C[C@@H](C(O)=O)C(=O)N[C@H](CS)Cc1ccccc1,8.823908740944319
130365,OC(=O)CCC(=O)N[C@@H](CC(O)=O)Cc1ccc(cc1)-c1cccc(Cl)c1,8.823908740944319
50509652,Cc1cccc(c1)-c1ccc(C[C@H](CC(O)=O)NC(=O)CCC(O)=O)cc1,8.795880017344075
50282859,C[C@H](NC(=O)[C@@H](CS)Cc1ccccc1)C(=O)N1C[C@H](C[C@H]1C(O)=O)Sc1ccccc1,8.795880017344075
50051785,OC(=O)[C@@H]1CC[C@@H](N1C(=O)CNC(=O)[C@@H](S)Cc1ccccc1)c1ccccc1,8.795880017344075
50051791,OC(=O)[C@@H]1CC[C@@H](N1C(=O)CNC(=O)[C@@H](S)Cc1ccc(O)cc1)c1cccc(O)c1,8.795880017344075
50024096,OC(=O)CNC(=O)[C@H](CS)Cc1ccccc1,8.795880017344075
50020153,CC(C(O)=O)C(=O)NC(CC(=O)NO)Cc1ccccc1,8.795880017344075
50018211,CC(CC(O)=O)NC(=O)C(CC(=O)NO)Cc1ccccc1,8.769551078621726
50403257,OC(=O)CCN1c2ccccc2CC[C@H](NC(=O)[C@@H](CS)Cc2ccccc2)C1=O,8.769551078621726
50008590,[O-]S(=O)(=O)c1ccc(NC(=O)C(CS)Cc2ccccc2)cc1,8.769551078621726
50051794,Nc1ccc(C[C@H](S)C(=O)NCC(=O)N2[C@@H](CC[C@@H]2c2ccccc2)C(O)=O)cc1,8.744727494896694
50048304,CC(C)[C@H](S)C(=O)NC1(CCCC1)C(=O)N[C@@H](Cc1ccc(F)cc1)C(O)=O,8.744727494896694
50018216,ONC(=O)CC(Cc1ccccc1)C(=O)NCC(Cc1ccccc1)C(O)=O,8.744727494896694
50085460,ON(C[C@@H](Cc1ccccc1)C(=O)N[C@H]1Cc2ccccc2[C@H]2CCC[C@H](N2C1=O)C(O)=O)C=O,8.744727494896694
50024102,OC(=O)CNC(=O)[C@@H](CS)Cc1ccccc1,8.721246399047171
50344197,COCC[C@H](NC1(CCCC1)C(=O)N[C@@H](Cc1nc(no1)-c1ccccc1)C(O)=O)C(O)=O,8.721246399047171
50373665,CC(C)CN(CP(O)(O)=O)C(=O)N[C@@H](Cc1ccc2ccccc2c1)C(O)=O,8.698970004336019
50509666,C[C@@H](C[C@@H](Cc1ccc(cc1)-c1cccc(Cl)c1)NC(=O)CCC(O)=O)C(O)=O,8.698970004336019
50282855,CCC[C@H](NC(=O)[C@@H](CS)Cc1ccccc1)C(=O)N1CCC[C@H]1C(O)=O,8.698970004336019
50283642,CC[C@@H](C)[C@H](NCP(O)(O)=O)C(=O)N[C@@H](Cc1ccc(cc1)-c1ccccc1)C(O)=O,8.698970004336019
50020158,CC(NC(=O)C(CC(=O)NO)Cc1ccccc1)C(O)=O,8.698970004336019
50042835,OC(=O)[C@@H]1CCCN1C(=O)C1CCCCCCC(CS)C(=O)N1,8.698970004336019
50040401,OC(=O)[C@@H](NC(=O)C(Cc1ccc(cc1)-c1ccccc1)NCP(O)(O)=O)c1ccccc1,8.698970004336019
50048303,CC(C)[C@H](S)C(=O)NC1(CCCC1)C(=O)N[C@@H](Cc1c[nH]c2ccc(O)cc12)C(O)=O,8.698970004336019
50041058,CC(NC(=O)C(CS)C(C)c1ccc2OCOc2c1)C(O)=O,8.698970004336019
50041067,CC(NC(=O)C(CS)C(C)c1ccc(F)cc1)C(O)=O,8.698970004336019
50041069,OC(=O)C(Cc1ccc(O)cc1)NC(=O)C(CS)Cc1ccccc1,8.698970004336019
50039541,Cc1ccc(CSC[C@@H](NC(=O)[C@@H](CS)Cc2cccc3ccccc23)C(O)=O)cc1,8.698970004336019
50039499,COc1ccc(CSC[C@@H](NC(=O)[C@@H](CS)Cc2ccccc2)C(O)=O)cc1,8.698970004336019
50035235,CC(C)C[C@H](C(=O)NO)C(=O)N[C@@H](C)C(=O)NCC(N)=O,8.698970004336019
50035249,CC(C)CC(C(=O)NO)C(=O)NC(Cc1c[nH]c2ccccc12)C(N)=O,8.698970004336019
50035239,CC(C)C(C(=O)NO)C(=O)NC(Cc1c[nH]c2ccccc12)C(N)=O,8.698970004336019
85431,OC(=O)c1cc(NC(=O)C(CS)Cc2ccccc2)cs1,8.698970004336019
85433,OC(=O)c1cc(NC(=O)C(CS)Cc2ccccc2)c[nH]1,8.698970004336019
85434,OC(=O)c1cc(NC(=O)C(CS)Cc2ccc(Cl)cc2)c[nH]1,8.698970004336019
50017736,OC(=O)CCC(=O)NC(C[C@@H](Cc1ccccc1)C(O)=O)Cc1ccccc1,8.698970004336019
50407297,C[C@H](NC(=O)[C@H](CS)[C@@H](C)c1ccccc1)C(O)=O,8.698970004336019
50048314,CC(C)[C@H](S)C(=O)NC1(CCCC1)C(=O)N[C@@H](Cc1c[nH]c2ccccc12)C(O)=O,8.67778070526608
50403261,OC(=O)CN1c2ccccc2CC[C@H](NC(=O)[C@@H](CS)Cc2ccccc2)C1=O,8.67778070526608
50050138,CC(C)C[C@H](NC(=O)[C@@H](S)Cc1ccccc1)C(=O)N[C@@H](Cc1ccc(O)cc1)C(O)=O,8.657577319177793
50048315,COc1ccc(C[C@H](NC(=O)C2(CCCC2)NC(=O)[C@@H](S)C(C)C)C(O)=O)cc1,8.657577319177793
50051796,COc1ccc(C[C@H](S)C(=O)NCC(=O)N2[C@@H](CC[C@@H]2c2ccccc2O)C(O)=O)cc1,8.657577319177793
50008603,OS(=O)(=O)CNC(=O)C(CS)Cc1ccccc1,8.657577319177793
50282848,C[C@H](NC(=O)[C@@H](CS)Cc1ccccc1Cl)C(=O)N1CCC[C@@H]1C(O)=O,8.657577319177793
50403251,OC(=O)CCN1c2ccccc2SC[C@H](NC(=O)[C@@H](S)Cc2ccccc2)C1=O,8.657577319177793
50051804,Cc1cccc(c1)[C@H]1CC[C@H](N1C(=O)CNC(=O)[C@@H](S)Cc1ccccc1)C(O)=O,8.638272163982407
50286907,OC(=O)CC[C@@H](Cc1ccc(cc1)-c1ccccc1)C(=O)NCC(O)=O,8.638272163982407
50018220,CC(CNC(=O)C(CC(=O)NO)Cc1ccccc1)C(O)=O,8.638272163982407
50050128,C[C@H](NC(=O)[C@H](Cc1ccccc1)NC(=O)[C@@H](S)Cc1ccccc1)C(O)=O,8.638272163982407
50024095,OC(=O)CC(=O)N[C@H](CS)Cc1ccccc1,8.638272163982407
50403258,OC(=O)CCN1c2ccccc2CC[C@H](NC(=O)[C@@H](S)Cc2ccccc2)C1=O,8.619788758288394
50018212,ONC(=O)CC(Cc1ccccc1)C(=O)NCCC(O)=O,8.619788758288394
50041070,CCC(C(CS)C(=O)NC(Cc1ccc(O)cc1)C(O)=O)c1ccccc1,8.619788758288394
50039530,CCSC[C@@H](NC(=O)[C@@H](CS)Cc1ccccc1)C(O)=O,8.619788758288394
50051790,OC(=O)[C@@H]1CC[C@@H](N1C(=O)CNC(=O)[C@@H](S)Cc1ccccc1)c1cccc(O)c1,8.619788758288394
138393,C[C@H](N[C@@H](Cc1ccc(cc1)-c1cccc(Cl)c1)C(=O)Nc1cc(O)no1)C(O)=O,8.619788758288394
50008591,CC(C)CC(CS)C(=O)Nc1cccc(c1)S([O-])(=O)=O,8.619788758288394
50039537,CCCC(CS)C(=O)N[C@H](CCSC)C(O)=O,8.602059991327963
50291556,OP(O)(=O)C(Cc1ccc2OCOc2c1)N[C@H](Cc1ccc(cc1)-c1ccccc1)c1nnn[nH]1,8.602059991327963
50041054,CC(C(CS)C(=O)NC(Cc1ccc(O)cc1)C(O)=O)c1ccccc1,8.602059991327963
50051799,COc1ccc(C[C@H](S)C(=O)NCC(=O)N2[C@@H](CC[C@@H]2c2ccccc2OC)C(O)=O)cc1,8.602059991327963
50503907,CCCCc1nc(Cl)c(CNC(=O)[C@H](S)CC(C)C)n1Cc1ccc(cc1)-c1ccccc1C(O)=O,8.602059991327963
50041062,COc1ccc(cc1)C(C)C(CS)C(=O)NC(Cc1ccc(O)cc1)C(O)=O,8.602059991327963
50367821,ONC(=O)C[C@H](Cc1ccccc1)NC(=O)CC(O)=O,8.602059991327963
50018218,ONC(=O)CC(Cc1ccccc1)C(=O)NC(Cc1ccccc1)C(O)=O,8.602059991327963
50008599,Cc1ccc(CC(CS)C(=O)Nc2cccc(c2)S([O-])(=O)=O)cc1,8.602059991327963
50048305,CC(C)[C@H](S)C(=O)NC1(CCCC1)C(=O)N[C@@H](Cc1ccsc1)C(O)=O,8.585026652029182
50282845,C[C@H](NC(=O)[C@@H](CS)Cc1ccccc1)C(=O)N1[C@@H](Cc2ccccc12)C(O)=O,8.585026652029182
50084897,OC(=O)[C@H](Cc1ccc2c(c1)oc1ccccc21)NC(=O)[C@H](Cc1ccc2c(c1)oc1ccccc21)NCP(O)(O)=O,8.568636235841012
50407847,Cc1ccccc1[C@H]1CC[C@H](N1C(=O)CNC(=O)[C@@H](S)Cc1ccc(O)cc1)C(O)=O,8.568636235841012
50286905,CC(NC(=O)[C@@H](CC(COc1ccccc1)C(O)=O)Cc1ccc(cc1)-c1ccccc1)C(O)=O,8.55284196865778
50050153,CCCC[C@H](NC(=O)[C@@H](S)Cc1ccccc1)C(=O)N[C@@H](Cc1ccc(O)cc1)C(O)=O,8.55284196865778
50050160,OC(=O)[C@H](Cc1ccc(O)cc1)NC(=O)[C@H](Cc1ccccc1)NC(=O)[C@@H](S)Cc1ccccc1,8.537602002101044
50405952,ONC(=O)C[C@@H](Cc1ccccc1)C(=O)N[C@@H](CC(O)=O)c1ccccc1,8.537602002101044
50405949,ONC(=O)C[C@@H](Cc1ccccc1)C(=O)N[C@H](CC(O)=O)Cc1ccccc1,8.522878745280337
50405951,ONC(=O)C[C@H](Cc1ccccc1)C(=O)N[C@@H](CC(O)=O)c1ccccc1,8.522878745280337
50056251,OC(=O)[C@@H]1CCCCCc2ccccc2C[C@@H](CS)C(=O)N1,8.522878745280337
50403280,OC(=O)[C@@H]1CCCN2CCC[C@H](NC(=O)[C@@H](S)Cc3ccccc3)C(=O)N12,8.522878745280337
50042827,OC(=O)C1CCCCCCC(CS)C(=O)N1,8.522878745280337
50085459,CC(C)[C@H](NCP(O)(O)=O)C(=O)N[C@@H](Cc1ccc(cc1)-c1ccccc1)C(O)=O,8.522878745280337
50040409,C[C@H](NC(=O)C(Cc1ccc(cc1)-c1ccccc1)NCP(O)(O)=O)C(O)=O,8.522878745280337
50048310,CC(C)[C@H](S)C(=O)NC1(CCCC1)C(=O)N[C@@H](Cc1ccccn1)C(O)=O,8.522878745280337
50048317,OC(=O)[C@H](Cc1ccc(O)cc1)NC(=O)C1(CCCC1)NC(=O)[C@@H](S)Cc1ccccc1,8.522878745280337
50056249,OC(=O)[C@@H]1CCCCCc2ccccc2C[C@H](CS)C(=O)N1,8.522878745280337
50039508,OC(=O)[C@@H](CSCc1ccccc1)NC(=O)[C@@H](CS)Cc1ccc(Cl)cc1,8.522878745280337
50035240,CC(C)C(C(=O)NO)C(=O)NCC(O)=O,8.522878745280337
50050143,CC[C@H](C)[C@H](NC(=O)[C@@H](S)Cc1ccccc1)C(=O)N[C@@H](Cc1ccc(O)cc1)C(O)=O,8.522878745280337
85429,OC(=O)c1ccnc(NC(=O)C(CS)Cc2ccccc2)c1,8.522878745280337
50008618,Cc1ccc(CC(CS)C(=O)NCCS([O-])(=O)=O)cc1,8.508638306165727
50041061,CCCCC(NC(=O)C(CS)C(C)c1ccccc1)C(O)=O,8.508638306165727
50048316,CC(C)[C@H](S)C(=O)NC1(CCCC1)C(=O)N[C@@H](Cc1cccnc1)C(O)=O,8.508638306165727
50403252,OC(=O)CN1c2ccccc2OC[C@H](NC(=O)[C@@H](S)Cc2ccccc2)C1=O,8.508638306165727
50503873,CCCCc1nc(CC)c(CNC(=O)[C@@H](S)CC(C)C)n1Cc1ccc(cc1)-c1ccccc1C(O)=O,8.494850021680094
50008589,COc1ccc(CC(CS)C(=O)Nc2ccc(cc2)S([O-])(=O)=O)cc1,8.494850021680094
50051805,OC(=O)[C@@H]1CC[C@@H](N1C(=O)CNC(=O)[C@H](S)Cc1ccccc1)c1ccccc1,8.494850021680094
50286906,OC(=O)CNC(=O)[C@@H](C[C@@H](COc1ccccc1)C(O)=O)Cc1ccc(cc1)-c1ccccc1,8.494850021680094
50503897,CCOc1nc(CC)c(CNC(=O)[C@@H](S)CC(C)C)n1Cc1ccc(c(F)c1)-c1ccccc1C(O)=O,8.494850021680094
50287301,OC(=O)Cc1csc(NC(=O)[C@@H](C[C@H](COc2ccccc2)C(O)=O)Cc2ccc(cc2)-c2ccccc2)n1,8.481486060122112
50051787,OC(=O)[C@@H]1CC[C@@H](N1C(=O)CNC(=O)[C@@H](S)Cc1ccc(O)cc1)c1ccccc1,8.468521082957745
50051789,COc1ccccc1[C@H]1CC[C@H](N1C(=O)CNC(=O)[C@@H](S)Cc1ccc(O)cc1)C(O)=O,8.468521082957745
50050141,CC[C@H](C)[C@H](S)C(=O)N[C@@H](Cc1ccccc1)C(=O)N[C@@H](Cc1ccc(O)cc1)C(O)=O,8.455931955649724
50039515,CSCC[C@@H](NC(=O)[C@H](CS)Cc1ccccc1)C(O)=O,8.455931955649724
50039509,CSCC[C@@H](NC(=O)C1(CS)CCCC1)C(O)=O,8.455931955649724
50041053,CC(NC(=O)C(CS)C(C)c1ccc(F)c(F)c1)C(O)=O,8.455931955649724
50051780,OC(=O)[C@@H]1CC[C@@H](N1C(=O)CNC(=O)[C@@H](S)Cc1ccc(O)cc1)c1ccccc1O,8.455931955649724
50008623,[O-]S(=O)(=O)CCNC(=O)C(CS)Cc1ccc(F)cc1,8.455931955649724
50041059,CC(C)CC(NC(=O)C(CS)C(C)c1ccccc1)C(O)=O,8.455931955649724
50038623,CC(C)CC(S)C(Cc1ccccc1)C(=O)NC(C)C(O)=O,8.443697499232712
50406747,CC(C)C[C@H](S)[C@@H](Cc1ccccc1)C(=O)N[C@@H](C)C(O)=O,8.443697499232712
50050152,CC(C)[C@H](NC(=O)[C@@H](S)Cc1ccccc1)C(=O)N[C@@H](Cc1ccc(O)cc1)C(O)=O,8.443697499232712
50197513,COCC[C@H](CC1(CCCC1)C(=O)NC1(CO)Cc2ccccc2C1)C(O)=O,8.431798275933005
50020156,ONC(=O)CC(Cc1ccccc1)NC(=O)C(Cc1ccccc1)C(O)=O,8.431798275933005
50050151,C[C@H](NC(=O)[C@@H](S)Cc1ccccc1)C(=O)N1CCCC1C(O)=O,8.42021640338319
50282851,C[C@H](NC(=O)[C@@H](CS)Cc1ccccc1)C(=O)N1Cc2ccccc2C[C@H]1C(O)=O,8.4089353929735
50373657,CC(C)CN(C[C@H](O)C(O)=O)C(=O)N[C@@H](Cc1ccc2ccccc2c1)C(O)=O,8.397940008672037
50283637,CC(C)[C@H](NCP(O)(O)=O)C(=O)N[C@@H](Cc1ccc(cc1)-c1ccccc1)C(=O)N[C@@H](Cc1ccc(O)cc1)C(O)=O,8.397940008672037
50017734,OC(=O)[C@@H](C[C@@H](Cc1ccccc1)C(=O)NC(CSCc1ccccc1)C(O)=O)Cc1ccccc1,8.397940008672037
50017755,OC(=O)CNC(=O)[C@@H](C[C@@H](Cc1ccccc1)C(O)=O)Cc1ccccc1,8.397940008672037
50040405,OC(=O)CCNC(=O)C(Cc1ccc(cc1)-c1ccccc1)NCP(O)(O)=O,8.397940008672037
50041066,CC(C(CS)C(=O)NC(COCc1ccccc1)C(O)=O)c1ccccc1,8.397940008672037
50041063,CCCC(NC(=O)C(CS)C(C)c1ccccc1)C(O)=O,8.397940008672037
50056259,OC(=O)[C@@H]1CCCCCCc2cccc(C[C@H](CS)C(=O)N1)c2,8.397940008672037
50039538,CSCC[C@@H](NC(=O)C(CS)Cc1ccccc1)C(O)=O,8.397940008672037
50050140,C[C@H](NC(=O)[C@@H](S)Cc1ccccc1)C(O)=O,8.397940008672037
50050142,CC[C@@H](C)[C@H](NC(=O)[C@@H](S)C(C)OCc1ccccc1)C(=O)N[C@@H](Cc1ccc(O)cc1)C(O)=O,8.387216143280265
50051795,OC(=O)[C@@H]1CC[C@@H](N1C(=O)CNC(=O)[C@@H](S)Cc1cccc(O)c1)c1cccc(O)c1,8.366531544420413
50008609,COc1ccc(CC(CS)C(=O)NCCS([O-])(=O)=O)cc1,8.356547323513812
50008600,[O-]S(=O)(=O)CCNC(=O)[C@H](CS)Cc1ccccc1,8.356547323513812
50002018,CC(C)C[C@@H](NC(=O)C(CS)Cc1ccccc1)C(O)=O,8.346787486224656
130355,COc1ccccc1-c1ccc(C[C@H](CC(O)=O)NC(=O)CCC(O)=O)cc1,8.346787486224656
50050145,CC[C@H](C)[C@H](NC(=O)[C@@H](S)c1ccccc1)C(=O)N[C@@H](Cc1ccc(O)cc1)C(O)=O,8.346787486224656
50197519,COCC[C@H](CC1(CCCC1)C(=O)NCCCc1ccc(F)cc1)C(O)=O,8.337242168318426
50291561,OP(O)(=O)C(Cc1cccc2ccccc12)N[C@@H](Cc1ccc(cc1)-c1ccccc1)c1nnn[nH]1,8.318758762624412
50344192,COCC[C@H](NC1(CCCC1)C(=O)N[C@@H](Cc1nc(co1)-c1ccccc1)C(O)=O)C(O)=O,8.318758762624412
50608290,O.O.[Na+].[Na+].[Na+].CCOC(=O)[C@H](C)C[C@@H](Cc1ccc(cc1)-c1ccccc1)NC(=O)CCC([O-])=O.CCCCC(=O)N(Cc1ccc(cc1)-c1ccccc1-c1nnn[n-]1)[C@@H](C(C)C)C([O-])=O,8.301029995663981
50064109,OP(O)(=O)C(CCc1cccc2ccccc12)N[C@@H](Cc1ccc(cc1)-c1ccccc1)c1nnn[nH]1,8.301029995663981
50373663,CC(C)(C)CN(C[C@H](O)C(O)=O)C(=O)N[C@@H](Cc1ccc2ccccc2c1)C(O)=O,8.301029995663981
50034842,C[C@H](C[C@@H](Cc1ccc(cc1)-c1ccccc1)NC(=O)CCC(O)=O)C(O)=O,8.301029995663981
50017741,OC(=O)[C@@H](C[C@@H](Cc1ccccc1)C(=O)NC(CCc1ccccc1)C(O)=O)Cc1ccccc1,8.301029995663981
50040411,OC(=O)CNC(=O)C(Cc1ccc(cc1)-c1ccccc1)NCP(O)(O)=O,8.301029995663981
50048308,CC(C)[C@H](S)C(=O)NC1(CC1)C(=O)N[C@@H](Cc1ccc(O)cc1)C(O)=O,8.301029995663981
50344194,COCC[C@H](NC1(CCCC1)C(=O)N[C@@H](Cc1nc(C)c(o1)-c1ccccc1)C(O)=O)C(O)=O,8.301029995663981
50039516,CCSCC[C@@H](NC(=O)[C@@H](CS)Cc1ccccc1)C(O)=O,8.301029995663981
50035237,CC(C)C(CC(=O)NO)C(=O)NC(Cc1c[nH]c2ccccc12)C(O)=O,8.301029995663981
85428,OC(=O)c1cncc(NC(=O)C(CS)Cc2ccccc2)c1,8.301029995663981
85435,COc1cccc(CC(CS)C(=O)Nc2c[nH]c(c2)C(O)=O)c1,8.301029995663981
85438,CN(C)C(=O)c1ccnc(NC(=O)C(CS)Cc2ccccc2)c1,8.301029995663981
50008622,[O-]S(=O)(=O)c1ccc(NC(=O)C(CS)Cc2ccc(F)cc2)cc1,8.301029995663981
50017733,OC(=O)CCNC(=O)[C@@H](C[C@@H](Cc1ccccc1)C(O)=O)Cc1ccccc1,8.301029995663981
50407845,Cc1ccccc1[C@@H]1CC[C@@H](N1C(=O)CNC(=O)[C@@H](S)Cc1ccc(O)cc1)C(O)=O,8.292429823902063
50008607,CC(C)CC(CS)C(=O)NCCS([O-])(=O)=O,8.2839966563652
50048311,OC(=O)[C@H](Cc1ccc(O)cc1)NC(=O)C1(CCCC1)NC(=O)C1(S)CCCC1,8.2839966563652
50041057,CC(C(CS)C(=O)NC(Cc1ccc(O)cc1)C(O)=O)c1ccc(F)c(F)c1,8.2839966563652
50403255,C[C@@H]1Oc2ccccc2N(CC(O)=O)C(=O)[C@H]1NC(=O)[C@@H](S)Cc1ccccc1,8.2839966563652
50369209,CC[C@H](C)[C@H](S)C(=O)N[C@@H](C(C)C)C(=O)N[C@@H](Cc1ccc(O)cc1)C(O)=O,8.275724130399212
50051778,Cc1ccccc1[C@H]1CC[C@H](N1C(=O)CNC(=O)[C@@H](S)Cc1ccccc1)C(O)=O,8.275724130399212
50051782,OC(=O)[C@@H]1CC[C@@H](N1C(=O)CNC(=O)C(S)Cc1ccc(F)cc1)c1cccc(O)c1,8.275724130399212
50050150,C[C@H](NC(=O)[C@@H](S)Cc1ccccc1)C(=O)N1C(CC2CCCCC12)C(O)=O,8.275724130399212
50509647,CCc1cccc(c1)-c1ccc(C[C@H](CC(O)=O)NC(=O)CCC(O)=O)cc1,8.267606240177031
50008620,[O-]S(=O)(=O)CCCNC(=O)C(CS)Cc1ccccc1,8.267606240177031
50051786,Cc1ccc(cc1)[C@H]1CC[C@H](N1C(=O)CNC(=O)[C@@H](S)Cc1ccc(O)cc1)C(O)=O,8.259637310505756
85430,OC(=O)c1ccnc(NC(=O)C(CS)Cc2ccc3OCOc3c2)c1,8.259637310505756
50369208,CC[C@H](C)[C@H](NC(=O)[C@]12CC[C@H]([C@@H]1[C@H]1CC[C@@H]3[C@@]4(C)CC[C@H](O)C(C)(C)[C@@H]4CC[C@@]3(C)[C@]1(C)CC2)C(C)=C)C(O)=O,8.259637310505756
50286908,OC(=O)CNC(=O)[C@@H](C[C@H](COc1ccccc1)C(O)=O)Cc1ccc(cc1)-c1ccccc1,8.229147988357855
50041064,CC(C(CS)C(=O)NC(Cc1ccc(O)cc1)C(O)=O)c1ccc(F)cc1,8.229147988357855
50373661,CC(C)CN(CCP(O)(O)=O)C(=O)N[C@@H](Cc1ccc2ccccc2c1)C(O)=O,8.221848749616356
50373668,CC(C)CN(C[C@H](O)C(O)=O)C(=O)N[C@@H](Cc1ccc(O)cc1)C(O)=O,8.221848749616356
50048512,OC(=O)CN1c2ccccc2CC[C@H](NC(=O)[C@@H](S)Cc2ccccc2)C1=O,8.221848749616356
50017752,OC(=O)[C@@H](C[C@@H](Cc1ccccc1)C(=O)NC(COCc1ccccc1)C(O)=O)Cc1ccccc1,8.221848749616356
50344196,COCC[C@H](NC1(CCCC1)C(=O)N[C@@H](Cc1nnc(o1)-c1ccccc1)C(O)=O)C(O)=O,8.221848749616356
50197507,COCC[C@H](CC1(CCCC1)C(=O)N[C@@H]1C[C@H]1c1ccc(OC)cc1)C(O)=O,8.214670164989233
50282852,C[C@H](NC(=O)[C@@H](CS)Cc1ccccc1C)C(=O)N1CCC[C@@H]1C(O)=O,8.207608310501746
50041052,CCC(NC(=O)C(CS)C(C)c1ccccc1)C(O)=O,8.200659450546418
50048322,CC(C)[C@H](S)C(=O)NC1(CCOCC1)C(=O)N[C@@H](Cc1ccc(O)cc1)C(O)=O,8.193820026016112
50051798,OC(=O)[C@@H]1CC[C@@H](N1C(=O)CNC(=O)[C@@H](S)Cc1ccc(O)cc1)c1ccc(O)cc1,8.193820026016112
50039504,CCSC[C@@H](NC(=O)C(CS)Cc1ccccc1)C(O)=O,8.187086643357144
50039523,CSCC[C@@H](NC(=O)[C@@H](CS)Cc1ccccc1)C(O)=O,8.187086643357144
50282862,CC(C)C[C@H](NC(=O)[C@@H](CS)Cc1ccccc1)C(O)=O,8.18045606445813
50282847,C[C@H](NC(=O)[C@@H](CS)Cc1ccccc1)C(=O)N1C[C@@H](C[C@H]1C(O)=O)C1CCCCC1,8.18045606445813
50282861,C[C@H](NC(=O)[C@@H](CS)Cc1ccccc1)C(=O)N1CCC[C@H]1C(O)=O,8.18045606445813
130354,OC(=O)CCC(=O)N[C@@H](CC(O)=O)Cc1ccc(cc1)-c1cccc(F)c1,8.173925197299173
50159369,OP(O)(=O)C(Cc1ccc2ccccc2c1)N[C@@H](Cc1ccc(cc1)-c1ccccc1)c1nnn[nH]1,8.161150909262744
50509655,OC(=O)CCC(=O)N[C@@H](CC(O)=O)Cc1ccc(cc1)-c1cccc(c1)C#N,8.161150909262744
50039529,CSCC[C@@H](NC(=O)[C@@H](CS)Cc1ccccc1C)C(O)=O,8.154901959985743
50056247,OC(=O)[C@@H]1CCCCc2ccccc2C[C@@H](CS)C(=O)N1,8.154901959985743
50344190,CCC[C@H](NC1(CCCC1)C(=O)N[C@@H](Cc1nc(co1)-c1ccccc1)C(O)=O)C(O)=O,8.154901959985743
50403266,CC(C)C[C@H](S)C(=O)N[C@H]1CCc2ccccc2N(CC(O)=O)C1=O,8.154901959985743
309463,C[C@H](C[C@@H](Cc1ccc(cc1)-c1ccccc1)NC(=O)C1CNC(=N1)C(O)=O)C(O)=O,8.136677139879543
153109,C[C@H](C[C@@H](Cc1ccc(cc1)-c1ccccc1)NC(=O)c1c[nH]c(n1)C(O)=O)C(O)=O,8.136677139879543
50008610,[O-]S(=O)(=O)c1ccc(NC(=O)C(CS)Cc2ccccc2)c2ccccc12,8.130768280269024
50287304,OC(=O)C(COc1ccccc1)C[C@@H](Cc1ccc(cc1)-c1ccccc1)C(=O)Nc1nnn[nH]1,8.130768280269024
50405950,ONC(=O)C[C@H](Cc1ccccc1)C(=O)N[C@H](CC(O)=O)Cc1ccccc1,8.119186407719209
50281657,COCCOC[C@H](CC1(CCCC1)C(=O)N[C@H]1CC[C@H](CC1)C(O)=O)C(O)=O,8.10790539730952
50056262,OC(=O)[C@@H]1CCCCCc2cccc(C[C@H](CS)C(=O)N1)c2,8.096910013008056
50084646,OC(=O)[C@@H]1CCC[C@@H]2CCCC(NC(=O)[C@@H](S)Cc3ccccc3)C(=O)N12,8.096910013008056
50509649,OC(=O)CCC(=O)N[C@@H](CC(O)=O)Cc1ccc(cc1)-c1ccccc1Cl,8.096910013008056
50175519,OC(=O)[C@@H]1CCCC2SCCC[C@H](NC(=O)[C@@H](S)Cc3ccccc3)N12,8.096910013008056
50373660,CC(C)CN(C[C@H](O)C(O)=O)C(=O)N[C@@H](Cc1c[nH]c2ccccc12)C(O)=O,8.096910013008056
50056258,OC(=O)[C@@H]1CCCCCc2cccc(C[C@@H](CS)C(=O)N1)c2,8.096910013008056
50008597,[O-]S(=O)(=O)CCNC(=O)C(CS)Cc1cccc2ccccc12,8.075720713938118
50051797,Cc1ccccc1[C@@H]1CC[C@@H](N1C(=O)CNC(=O)[C@@H](S)Cc1ccccc1)C(O)=O,8.070581074285707
50286909,C[C@@H](NC(=O)[C@@H](CC(COc1ccccc1)C(O)=O)Cc1ccc(cc1)-c1ccccc1)C(O)=O,8.060480747381382
50048313,CC(C)[C@H](S)C(=O)NC1(CCCCC1)C(=O)N[C@@H](Cc1ccc(O)cc1)C(O)=O,8.060480747381382
50291562,OP(O)(=O)C(Cc1cccc2ccccc12)N[C@H](Cc1ccc(cc1)-c1ccccc1)c1nnn[nH]1,8.05551732784983
85436,OC(=O)c1csc(NC(=O)C(CS)Cc2ccccc2)n1,8.045757490560675
50017738,COc1cc(CNC(=O)C(CS)Cc2ccccc2)ccc1O,8.045757490560675
50041068,CC(C(CS)C(=O)NC(Cc1ccc(O)cc1)C(O)=O)c1ccc(O)cc1,8.045757490560675
50017743,OC(=O)CCC(=O)NC(CC(Cc1ccccc1)C(O)=O)Cc1ccccc1,8.045757490560675
50283640,CC(C)Oc1ccc(C[C@H](NC(=O)[C@@H](NCP(O)(O)=O)C(C)C)C(O)=O)cc1,8.045757490560675
50283634,CC(C)[C@H](NCP(O)(O)=O)C(=O)N[C@@H](Cc1c[nH]c2ccccc12)C(O)=O,8.045757490560675
50373664,CC(C)CN(C[C@H](O)C(O)=O)C(=O)N[C@@H](Cc1cccc2ccccc12)C(O)=O,8.045757490560675
50048324,CC(C)[C@H](S)C(=O)NC(C)(C)C(=O)N[C@@H](Cc1ccc(O)cc1)C(O)=O,8.036212172654444
50175499,OC(=O)CCNC(=O)C(CS)Cc1ccccc1,8.0268721464003
50282858,OC(=O)CCNC(=O)[C@@H](CS)Cc1ccccc1,8.0268721464003
50050136,C[C@H](NC(=O)[C@@H](S)Cc1ccccc1)C(=O)N1CCCCC1C(O)=O,8.022276394711152
50283970,OC(=O)CCNC(=O)C(Cc1ccc(cc1)-c1ccccc1)OCP(O)(O)=O,8.022276394711152
50354040,OC(=O)CCNC(=O)[C@H](Cc1ccc(cc1)-c1ccccc1)NCC(O)=O,8.013228265733755
50287300,CCCCC(C[C@@H](Cc1ccc(cc1)-c1ccccc1)C(=O)Nc1nc(CC(O)=O)cs1)C(O)=O,8.008773924307505
50050148,CC(C)[C@H](NC(=O)[C@@H](S)CCc1ccccc1)C(=O)N[C@@H](Cc1ccc(O)cc1)C(O)=O,8.0
50025915,ON(CC(Cc1ccccc1)C(=O)NCC(O)=O)C=O,8.0
50040406,OC(=O)c1ccc(NC(=O)C(Cc2ccc(cc2)-c2ccccc2)NCP(O)(O)=O)cc1,8.0
50051781,C[C@H](NC(=O)[C@@H](S)Cc1ccccc1)C(=O)N1[C@@H](CC[C@@H]1c1ccccc1)C(O)=O,8.0
50282849,CC(C)CC(CS)C(=O)N[C@@H](C)C(=O)N1CCC[C@@H]1C(O)=O,8.0
50373669,CC(C)CN(C[C@H](O)C(O)=O)C(=O)N[C@@H](Cc1ccc(cc1)-c1ccccc1)C(O)=O,8.0
50190746,CCC[C@H](CC1(CCCC1)C(=O)Nc1nnc(CC)s1)C(O)=O,7.991399828238082
138392,C[C@H](N[C@@H](Cc1ccc(cc1)-c1ccccc1)C(=O)NC1=NNNN1)C(O)=O,7.958607314841775
50008613,[O-]S(=O)(=O)c1ccc(CNC(=O)C(CS)Cc2ccccc2)cc1,7.958607314841775
50008615,OS(=O)(=O)CCNC(=O)C(CS)CCCc1ccccc1,7.958607314841775
50034855,COc1ccc(C[C@H](C[C@@H](Cc2ccc(cc2)-c2ccccc2)C(=O)NCC(O)C(O)=O)C(O)=O)cc1OC,7.958607314841775
50016766,O[C@@H](CNC(=O)[C@H](Cc1ccccc1)N[C@@H](Cc1ccccc1)C(O)=O)C(O)=O,7.958607314841775
50016767,O[C@@H](CNC(=O)[C@H](Cc1ccccc1)N[C@@H](CCc1ccccc1)C(O)=O)C(O)=O,7.958607314841775
50039514,Cc1ccc(CSC[C@@H](NC(=O)[C@@H](CS)Cc2ccccc2)C(O)=O)cc1,7.958607314841775
50190771,CCC[C@H](CC1(CCCC1)C(=O)NC1(CO)Cc2ccccc2C1)C(O)=O,7.958607314841775
50041050,CC(C(CS)C(=O)NC(Cc1ccc(O)cc1)C(O)=O)c1ccccc1C,7.958607314841775
50084679,O[C@@H](CNC(=O)[C@H](Cc1ccccc1)NC(CCc1ccccc1)C(O)=O)C(O)=O,7.958607314841775
50042832,OC[C@@H](NC(=O)C1CCCCCCC(CS)C(=O)N1)C(O)=O,7.958607314841775
50040412,OC(=O)CCCNC(=O)C(Cc1ccc(cc1)-c1ccccc1)NCP(O)(O)=O,7.958607314841775
50008617,[O-]S(=O)(=O)c1ccc(NC(=O)C(CS)Cc2noc3ccccc23)cc1,7.920818753952375
50002035,ONC(=O)C(Cc1ccccc1)C(=O)NCC(O)=O,7.920818753952375
50017750,OC(=O)CCCC(=O)NC(CC(Cc1ccccc1)C(O)=O)Cc1ccccc1,7.920818753952375
50084895,OC(=O)C(Cc1ccccc1)NC(=O)[C@H](Cc1ccc2c(c1)oc1ccccc21)NCP(O)(O)=O,7.920818753952375
50017756,Oc1ccc(CNC(=O)C(CS)Cc2ccccc2)cc1O,7.920818753952375
50283653,CC(C)[C@H](NCP(O)(O)=O)C(=O)N[C@@H](Cc1ccc(cc1)-c1ccccc1)C(=O)N1C[C@H](O)C[C@H]1C(O)=O,7.920818753952375
85432,OC(=O)c1cc(NC(=O)C(CS)Cc2cccnc2)cs1,7.886056647693163
50018213,CC(NC(=O)C(CC(=O)NO)Cc1ccccc1)C(C)C(O)=O,7.886056647693163
50051793,Cc1ccc(cc1)[C@H]1CC[C@H](N1C(=O)CNC(=O)[C@@H](S)Cc1ccccc1)C(O)=O,7.886056647693163
155342,C[C@H](C[C@@H](Cc1ccc(cc1)-c1ccccc1)NC(=O)c1nnn(Cc2ccccc2)n1)C(=O)OCc1ccccc1,7.853871964321762
50008596,[O-][N+](=O)c1ccc(CC(CS)C(=O)Nc2ccc(cc2)S([O-])(=O)=O)cc1,7.853871964321762
50008606,CN(C)c1ccc(CC(CS)C(=O)Nc2ccc(cc2)S([O-])(=O)=O)cc1,7.853871964321762
50050132,C[C@H](NC(=O)[C@H](Cc1ccccc1)NC(=O)CS)C(O)=O,7.853871964321762
50039524,OC(=O)[C@@H](CSCc1ccccc1)NC(=O)[C@@H](CS)Cc1ccccc1,7.853871964321762
50285327,COc1cc(C[C@H](NCP(O)(O)=O)C(O)=O)ccc1-c1ccccc1,7.853871964321762
50064096,OP(O)(=O)CN[C@@H](CC#Cc1ccccc1F)c1nnn[nH]1,7.853871964321762
50042831,NCCCC[C@@H](NC(=O)C1CCCCCCC(CS)C(=O)N1)C(O)=O,7.853871964321762
50040414,OC(=O)CCNC(=O)C(Cc1ccc(cc1)-c1ccc(F)cc1)NCP(O)(O)=O,7.853871964321762
50283610,C[C@H](CS)C(=O)N1C[C@H](C[C@H]1C(O)=O)NC(=O)C(CS)Cc1ccccc1,7.853871964321762
309468,C[C@H](C[C@@H](Cc1ccc(cc1)-c1ccccc1)NC(=O)c1nnnn1Cc1ccccc1)C(=O)OCc1ccccc1,7.853871964321762
50403267,OC(=O)CN1c2ccccc2CC[C@H](NC(=O)[C@H](S)Cc2ccccc2)C1=O,7.853871964321762
50403595,OC(=O)[C@@H]1Cc2cccc3CC[C@H](NC(=O)C(CS)Cc4ccc(cc4)-c4ccccc4)C(=O)N1c23,7.823908740944319
50285332,OC(=O)C[C@H](Cc1ccc(cc1)-c1ccccc1)NCP(O)(O)=O,7.823908740944319
50041065,CC(C)C(NC(=O)C(CS)C(C)c1ccccc1)C(O)=O,7.823908740944319
50285334,OC(=O)[C@H](Cc1ccc(cc1)-c1ccccc1)NCP(O)(O)=O,7.823908740944319
50285343,CC(C)Oc1ccc(C[C@H](NCP(O)(O)=O)c2nnn[nH]2)cc1,7.823908740944319
50048309,OC(=O)[C@H](Cc1ccc(O)cc1)NC(=O)C1(CCCC1)NC(=O)CS,7.823908740944319
50048323,CC(C)[C@H](S)C(=O)NC1(CC2CCC1C2)C(=O)N[C@@H](Cc1ccc(O)cc1)C(O)=O,7.823908740944319
50016769,OC(=O)CCNC(=O)[C@H](Cc1ccccc1)N[C@@H](CCc1ccccc1)C(O)=O,7.795880017344075
50041055,CC(C(CS)C(=O)NC(Cc1ccc(O)cc1)C(O)=O)c1ccc(N)cc1,7.795880017344075
50041060,COc1ccc(cc1OC)C(C)C(CS)C(=O)NC(Cc1ccc(O)cc1)C(O)=O,7.795880017344075
50403274,OC(=O)[C@@H]1CCCN2N1C(=O)[C@H](CCC2=O)NC(=O)[C@@H](S)Cc1ccccc1,7.795880017344075
50048319,CC(C)[C@H](S)C(=O)NC1(CCCC1)C(=O)N[C@@H](Cc1ccc(cc1)-c1ccccc1)C(O)=O,7.795880017344075
50503887,CCOc1nc(CC)c(CNC(=O)[C@@H](S)CC(C)C)n1Cc1cc(F)c(cc1F)-c1ccccc1C(O)=O,7.795880017344075
50503902,CCOc1nc(CC)c(CNC(=O)[C@@H](CS)CC(C)C)n1Cc1ccc(cc1F)-c1ccccc1C(O)=O,7.795880017344075
50008621,[O-][N+](=O)c1ccc(CC(CS)C(=O)NCCS([O-])(=O)=O)cc1,7.769551078621726
50039500,COc1ccc(CSC[C@@H](NC(=O)[C@H](CS)Cc2ccccc2)C(O)=O)cc1,7.769551078621726
50048505,CCC[C@H]1CCC[C@H](NC(=O)[C@@H](S)Cc2ccccc2)C(=O)N1[C@@H](C)C(O)=O,7.769551078621726
50291564,OP(O)(=O)C(Cc1ccccc1)N[C@H](Cc1ccc(cc1)-c1ccccc1)c1nnn[nH]1,7.769551078621726
50051779,Cc1ccccc1[C@@H]1CC[C@H](N1C(=O)CNC(=O)[C@@H](S)Cc1ccccc1)C(O)=O,7.769551078621726
50034866,OC(=O)CCNC(=O)C(CC(Cc1ccccc1)C(O)=O)Cc1ccccc1,7.7447274948966935
50085457,CC1(C)CCC[C@H](NC(=O)[C@@H](CN(O)C=O)Cc2ccccc2)C(=O)N1CC(O)=O,7.7447274948966935
50048509,OC(=O)[C@@H]1CC[C@@H]2CCC[C@H](NC(=O)[C@@H](S)Cc3ccccc3)C(=O)N12,7.7447274948966935
50034856,OC(=O)CCNC(=O)[C@@H](C[C@@H](Cc1ccc(cc1)-c1nccs1)C(O)=O)Cc1ccc(cc1)-c1ccccc1,7.721246399047171
50039540,OC(=O)[C@H](CSCc1ccccc1)NC(=O)[C@@H](CS)Cc1ccccc1,7.721246399047171
50287297,OC(=O)C(COc1ccccc1)C[C@@H](Cc1ccc(cc1)-c1ccccc1)C(=O)NCc1nnn[nH]1,7.721246399047171
50373659,CC(C)CN(C[C@H](O)C(O)=O)C(=O)N[C@@H](Cc1ccc(O)c(O)c1)C(O)=O,7.721246399047171
50016765,OC(=O)CCNC(=O)[C@H](Cc1ccccc1)N[C@@H](Cc1ccccc1)C(O)=O,7.698970004336019
50039531,Cc1ccc(CSC[C@@H](NC(=O)[C@H](CS)Cc2ccccc2)C(O)=O)cc1,7.698970004336019
50050162,OC(=O)[C@H](Cc1ccc(O)cc1)NC(=O)[C@H](Cc1ccccc1)NC(=O)[C@@H](S)CCc1ccccc1,7.698970004336019
50050149,C[C@H](NC(=O)[C@@H](S)CCc1ccccc1)C(=O)N1CCCC1C(O)=O,7.698970004336019
50046267,CC(C)C[C@@H](S)[C@H](Cc1ccccc1)C(=O)N[C@@H](C)C(O)=O,7.698970004336019
50344189,CCC[C@H](NC1(CCCC1)C(=O)N[C@@H](Cc1nc(CC(C)C)co1)C(O)=O)C(O)=O,7.698970004336019
50017751,Oc1ccc(CNC(=O)[C@@H](C[C@@H](Cc2ccccc2)C([O-])=O)Cc2ccccc2)cc1O,7.698970004336019
50283609,C[C@H](CS)C(=O)N1C[C@H](C[C@H]1C(O)=O)NC(=O)C(CS)Cc1ccc(cc1)-c1ccccc1,7.698970004336019
50283650,OC(=O)[C@H](Cc1ccc(cc1)-c1ccccc1)NC(=O)[C@H](Cc1ccc(cc1)-c1ccccc1)NCP(O)(O)=O,7.698970004336019
50503901,CCCCc1nc(CC(C)C)c(CNC(=O)[C@@H](S)CC(C)C)n1Cc1ccc(cc1)-c1ccccc1C(O)=O,7.698970004336019
50509648,CC(C)(C[C@@H](Cc1ccc(cc1)-c1ccccc1)NC(=O)CCC(O)=O)C(O)=O,7.698970004336019
50034850,CCCC[C@H](C[C@@H](Cc1ccc(cc1)-c1ccccc1)C(=O)NCC(O)C(O)=O)C(O)=O,7.6777807052660805
50016768,O[C@H](CNC(=O)[C@H](Cc1ccccc1)N[C@@H](CCc1ccccc1)C(O)=O)C(O)=O,7.6777807052660805
50509650,Cc1ccccc1-c1ccc(C[C@H](CC(O)=O)NC(=O)CCC(O)=O)cc1,7.6777807052660805
50050164,C[C@H](NC(=O)[C@@H](S)Cc1ccccc1)C(=O)N1CCCC1,7.657577319177793
50344188,CCC[C@H](NC1(CCCC1)C(=O)N[C@@H](Cc1nc(CC)co1)C(O)=O)C(O)=O,7.657577319177793
50403279,OC(=O)[C@@H]1CCN2CCC[C@H](NC(=O)[C@@H](S)Cc3ccccc3)C(=O)N12,7.657577319177793
85437,SCC(Cc1ccccc1)C(=O)Nc1ccn[nH]1,7.638272163982407
50050126,OC(=O)[C@H](Cc1ccccc1)NC(=O)[C@@H](S)Cc1ccccc1,7.638272163982407
50050144,CC(C)[C@H](NC(=O)[C@@H](S)Cc1ccccc1)C(=O)N1CCCC1C(O)=O,7.619788758288394
50050146,CC[C@@H](C)[C@H](NC(=O)[C@@H](S)Cc1ccccc1)C(=O)N1CCCC1C(O)=O,7.619788758288394
50282586,CC(C)C[C@H](NCP(O)(O)=O)C(=O)N[C@@H](Cc1c[nH]c2ccccc12)C(O)=O,7.619788758288394
50509660,OC(=O)CCC(=O)N[C@@H](CC(O)=O)Cc1ccc(cc1)-c1ccccc1F,7.619788758288394
50407846,Cc1ccccc1[C@H]1CC[C@@H](N1C(=O)CNC(=O)[C@@H](S)Cc1ccccc1)C(O)=O,7.6020599913279625
50048500,OC(=O)[C@@H]1CCC[C@@H]2CCC[C@H](NC(=O)[C@@H](S)Cc3ccccc3)C(=O)N12,7.6020599913279625
50282846,OC(=O)[C@@H]1CCCN1C(=O)[C@H](Cc1c[nH]c2ccccc12)NC(=O)[C@@H](CS)Cc1ccccc1,7.6020599913279625
50017758,OC(=O)Cc1ccccc1NC(=O)[C@@H](C[C@@H](Cc1ccccc1)C(O)=O)Cc1ccccc1,7.6020599913279625
50048307,CC(C)[C@H](S)C(=O)NC1(Cc2ccccc2C1)C(=O)N[C@@H](Cc1ccc(O)cc1)C(O)=O,7.6020599913279625
7494,OC(=O)CCC(=O)N[C@@H](CC(O)=O)Cc1ccc(cc1)-c1ccccc1,7.6020599913279625
50046256,CC(C)CC(S)C(Cc1ccccc1)C(=O)NC(Cc1ccc(O)cc1)C(O)=O,7.585026652029182
50285322,OP(O)(=O)CN[C@@H](Cc1ccccc1)c1nnn[nH]1,7.585026652029182
50051802,Nc1ccc(cc1)[C@H]1CC[C@H](N1C(=O)CNC(=O)[C@@H](S)Cc1ccc(O)cc1)C(O)=O,7.585026652029182
50283648,CC(C)[C@H](NCP(O)(O)=O)C(=O)N[C@@H](CCc1ccccc1)C(O)=O,7.585026652029182
50509656,OC(=O)CCC(=O)N[C@@H](CC(O)=O)Cc1ccc(cc1)-c1cccc(c1)[N+]([O-])=O,7.585026652029182
50034865,C[C@@H](C[C@@H](Cc1ccc(cc1)-c1ccccc1)NC(=O)CCC(O)=O)C(O)=O,7.568636235841013
50056250,OC(=O)[C@@H]1CCCCCCc2ccccc2C[C@H](CS)C(=O)N1,7.568636235841013
50056248,OC(=O)[C@@H]1CCCCCCc2ccccc2C[C@@H](CS)C(=O)N1,7.568636235841013
50018214,ONC(=O)CC(Cc1ccccc1)C(=O)NCCCC(O)=O,7.552841968657781
50048306,CC(C)[C@H](S)C(=O)N[C@@H](Cc1ccc(cc1)-c1ccccc1)C(=O)N[C@@H](Cc1ccc(O)cc1)C(O)=O,7.552841968657781
50344187,CC(C)CC[C@H](N[C@@H](CCc1ccccc1)C(O)=O)C(=O)N[C@@H](Cc1ccc(cc1)-c1ccccc1)C(O)=O,7.552841968657781
50403562,COCCOCC(CC1(CCCC1)C(=O)N[C@H]1CC[C@H](CC1)C(O)=O)C(=O)Oc1ccc2CCCc2c1,7.552841968657781
50017747,[O-]C(=O)[C@@H](C[C@@H](Cc1ccccc1)C(=O)NC(Cc1ccccc1)C([O-])=O)Cc1ccccc1,7.5376020021010435
50035250,CC(C)C(CC(=O)NO)C(=O)NCCC(O)=O,7.522878745280337
50050125,OC(=O)C1CCCN1C(=O)[C@H](Cc1ccccc1)NC(=O)[C@@H](S)Cc1ccccc1,7.522878745280337
50190753,CCCC(CC1(CCCC1)C(=O)Nc1nnc(Cc2ccccc2)s1)C(O)=O,7.522878745280337
50025918,CC(C)CCNC(=O)CNC(=O)C(Cc1ccccc1)N(O)C=O,7.522878745280337
50008592,CC(NC(=O)C(CS)Cc1ccccc1)S([O-])(=O)=O,7.508638306165727
50039525,CCSCC[C@@H](NC(=O)[C@H](CS)Cc1ccccc1)C(O)=O,7.508638306165727
50048511,OCC[C@H]1CCC[C@H](NC(=O)[C@@H](S)Cc2ccccc2)C(=O)N1CC(O)=O,7.508638306165727
50084898,CC(C)CC(NC(=O)[C@H](Cc1ccc2c(c1)oc1ccccc21)NCP(O)(O)=O)C(O)=O,7.508638306165727
50039510,OC(=O)[C@@H](CSCc1ccccc1)NC(=O)[C@H](CS)Cc1ccccc1,7.494850021680094
50369210,CC[C@@H](C)[C@H](S)C(=O)N[C@@H](C(C)c1ccccc1)C(=O)N[C@@H](Cc1ccc(O)cc1)C(O)=O,7.494850021680094
50048518,OC(=O)[C@H](Cc1ccccc1)N1CCCC[C@H](NC(=O)[C@@H](S)Cc2ccccc2)C1=O,7.494850021680094
50285325,OC(=O)C=C[C@H](Cc1ccc(cc1)-c1ccccc1)NCP(O)(O)=O,7.494850021680094
50282850,C[C@H](S)[C@@H](Cc1ccccc1)C(=O)N[C@@H](C)C(=O)N1CCC[C@H]1C(O)=O,7.494850021680094
50503894,CCOc1nc(CC)c(CNC(=O)[C@@H](CS)CC(C)C)n1Cc1ccc(cc1)-c1ccccc1C(O)=O,7.494850021680094
50008614,OS(=O)(=O)c1ccc(NC(=O)C(CS)Cc2cccnc2)cc1,7.481486060122112
50286725,CC(C)[C@H](S)C(=O)N[C@@H](Cc1ccc(cc1)-c1ccccc1)C(=O)N[C@@H](C(C)C)C(O)=O,7.481486060122112
50008604,[O-]S(=O)(=O)c1ccc(NC(=O)C(CS)Cc2cccc3ccccc23)cc1,7.468521082957745
50283657,OC(=O)[C@H](Cc1ccc(cc1)-c1ccccc1)NC(=O)[C@@H](NCP(O)(O)=O)C1CCCCC1,7.468521082957745
50406748,CC(C)C[C@H](S)[C@H](Cc1ccccc1)C(=O)N[C@@H](C)C(O)=O,7.455931955649724
50283649,CC(C)[C@H](NCP(O)(O)=O)C(=O)N[C@@H](Cc1ccc(cc1)C1CCCCC1)C(O)=O,7.455931955649724
50283652,OC(=O)[C@H](Cc1ccc(cc1)-c1ccccc1)NC(=O)[C@H](Cc1ccccc1)NCP(O)(O)=O,7.455931955649724
50034848,OC(=O)CCNC(=O)C(CC(Cc1ccc(cc1)-n1cccc1)C(O)=O)Cc1ccc(cc1)-n1cccc1,7.443697499232712
50373672,CCC(CC)CN(C[C@H](O)C(O)=O)C(=O)N[C@@H](Cc1ccc2ccccc2c1)C(O)=O,7.443697499232712
50403268,CCCC[C@H](S)C(=O)N[C@H]1CCc2ccccc2N(CC(O)=O)C1=O,7.443697499232712
50008611,CN(C)c1ccc(CC(CS)C(=O)NCCS([O-])(=O)=O)cc1,7.431798275933005
50046261,CC(C)CC(S)CC(=O)NC(Cc1ccccc1)C(O)=O,7.431798275933005
50283635,CCCC[C@H](NCP(O)(O)=O)C(=O)N[C@@H](Cc1ccc(cc1)-c1ccccc1)C(O)=O,7.431798275933005
50190762,CCCC(CC1(CCCC1)C(=O)Nc1nnc(CC2CC2)s1)C(O)=O,7.42021640338319
50017759,OC(=O)[C@@H](C[C@@H](Cc1ccccc1)C(=O)Nc1ccc(O)c(c1)C(O)=O)Cc1ccccc1,7.42021640338319
50039520,Cc1ccc(CSC[C@@H](NC(=O)[C@H](CS)Cc2cccc3ccccc23)C(O)=O)cc1,7.4089353929735005
50050137,OC(=O)[C@H](CSCc1ccccc1)NC(=O)[C@H](Cc1ccccc1)NC(=O)[C@@H](S)Cc1ccccc1,7.3979400086720375
50046264,CC(C)CC(S)[C@H](Cc1ccccc1)C(=O)N[C@@H](C)C(O)=O,7.3979400086720375
50048513,CCC[C@H]1CCC[C@H](NC(=O)[C@@H](S)Cc2ccccc2)C(=O)N1CC(O)=O,7.3979400086720375
50017735,CC(C)CC(NC(=O)[C@@H](C[C@@H](Cc1ccccc1)C(O)=O)Cc1ccccc1)C(O)=O,7.3979400086720375
50282844,C[C@H](NC(=O)[C@@H](CS)Cc1ccc(OCc2ccccc2)cc1)C(=O)N1CCC[C@@H]1C(O)=O,7.3979400086720375
50503906,CCCCc1nc(Cl)c(CNC(=O)C(CS)CC(CC)CC)n1Cc1ccc(cc1)-c1ccccc1C(O)=O,7.3979400086720375
50503878,CCCCc1nc(Cl)c(CNC(=O)[C@H](CS)CC(C)C)n1Cc1ccc(cc1)-c1ccccc1C(O)=O,7.3979400086720375
50034840,C[C@H](C[C@@H](Cc1ccc(cc1)-c1ccccc1)C(=O)NCCC(O)=O)C(O)=O,7.3872161432802645
50286718,CC(C)[C@H](S)C(=O)N[C@@H](Cc1ccc(cc1)-c1ccccc1)C(=O)N[C@@H](CO)C(O)=O,7.366531544420414
50034844,OC(=O)CCNC(=O)[C@@H](C[C@@H](Oc1ccccc1)C(O)=O)Cc1ccc(cc1)-c1ccccc1,7.356547323513812
50038615,CC(NC(=O)C(Cc1ccccc1)C(S)CCc1ccccc1)C(O)=O,7.356547323513812
50509662,Nc1cccc(c1)-c1ccc(C[C@H](CC(O)=O)NC(=O)CCC(O)=O)cc1,7.356547323513812
50050130,OC(=O)C1(CCCC1)NC(=O)[C@H](Cc1ccccc1)NC(=O)[C@@H](S)Cc1ccccc1,7.346787486224656
50282856,C[C@H](NC(=O)[C@H](CS)Cc1ccccc1)C(=O)N1CCC[C@H]1C(O)=O,7.346787486224656
50039518,C[C@H](CS)C(=O)N[C@H](CSCc1ccccc1)C(O)=O,7.337242168318426
50034867,COCC[C@H](C[C@@H](Cc1ccc(cc1)-c1ccccc1)C(=O)NCCC(O)=O)C(O)=O,7.337242168318426
50050134,CC(C)(NC(=O)[C@@H](S)CCc1ccccc1)C(=O)N1CCCC1C(O)=O,7.337242168318426
50190737,CCc1nnc(NC(=O)C2(CC(CCc3ccccc3)C(O)=O)CCCC2)s1,7.337242168318426
50283645,C[C@@H]([C@H](NCP(O)(O)=O)C(=O)N[C@@H](Cc1ccc(cc1)-c1ccccc1)C(O)=O)c1ccccc1,7.327902142064283
50283631,OC(=O)[C@H](Cc1ccc(cc1)-c1ccccc1)NC(=O)[C@H](Cc1ccc2OCOc2c1)NCP(O)(O)=O,7.318758762624412
50403594,OC(=O)[C@@H]1Cc2cccc3CC[C@H](NC(=O)[C@@H](S)Cc4ccccc4)C(=O)N1c23,7.318758762624412
50034847,OC(=O)CCNC(=O)C(CC(Cc1ccc(cc1)-c1ccccc1)C(O)=O)Cc1ccc(cc1)-c1ccccc1,7.309803919971486
50034858,CO[C@H](C[C@@H](Cc1ccc(cc1)-c1ccccc1)NC(=O)CCCC(O)=O)C(O)=O,7.309803919971486
50039506,CC(C)(C)SC[C@@H](NC(=O)[C@@H](CS)Cc1ccccc1)C(O)=O,7.309803919971486
50048506,C[C@H]1CCC[C@H](NC(=O)[C@@H](S)Cc2ccccc2)C(=O)N1CC(O)=O,7.309803919971486
50050159,OC(=O)[C@H](Cc1c[nH]c2ccccc12)NC(=O)[C@H](Cc1ccccc1)NC(=O)[C@@H](S)Cc1ccccc1,7.301029995663981
50050131,OC(=O)[C@H](COCc1ccccc1)NC(=O)[C@H](Cc1ccccc1)NC(=O)[C@@H](S)Cc1ccccc1,7.301029995663981
50046258,CC(C)CC(S)CC(=O)NC(Cc1ccccc1)C(=O)NC(Cc1ccc(O)cc1)C(O)=O,7.301029995663981
50046257,CCCCC(NC(=O)C(Cc1ccccc1)C(C)S)C(=O)NC(Cc1ccc(O)cc1)C(O)=O,7.301029995663981
50046260,CC(S)C(Cc1ccccc1)C(=O)NCC(O)=O,7.301029995663981
50002038,CC(C)C[C@@H](NC(=O)C(S)Cc1ccccc1)C(O)=O,7.301029995663981
50051788,CC[C@H](C)C(S)C(=O)NCC(=O)N1[C@@H](CC[C@@H]1c1ccccc1)C(O)=O,7.301029995663981
50503885,CCCOc1nc(CC)c(CNC(=O)[C@@H](CS)CC(C)C)n1Cc1ccc(cc1)-c1ccccc1C(O)=O,7.301029995663981
50008598,[O-]S(=O)(=O)c1ccc(NC(=O)C(CS)Cc2ccc(cc2)-c2ccccc2)cc1,7.2839966563652006
50018217,ONC(=O)CC(Cc1ccccc1)C(=O)NCCCCC(O)=O,7.2839966563652006
50046262,CC(C)C(C(S)CCc1ccccc1)C(=O)NC(Cc1ccc(O)cc1)C(O)=O,7.275724130399211
50034861,COc1ccc(C[C@H](C[C@@H](Cc2ccc(cc2)-c2ccccc2)C(=O)NCCC(O)=O)C(O)=O)cc1OC,7.267606240177032
50034862,Cc1ccc(cc1)[C@H](C[C@@H](Cc1ccc(cc1)-c1ccccc1)C(=O)NCCC(O)=O)C(O)=O,7.267606240177032
50509658,OC(=O)CCC(=O)N[C@@H](CC(O)=O)Cc1ccc(cc1)-c1cc(F)cc(Cl)c1,7.267606240177032
50287432,OC(=O)[C@H](Cc1c[nH]c2ccccc12)NC(=O)C1(CP(O)(=O)[C@H](Cc2ccccc2)NC(=O)c2ccc(cc2)[N+]([O-])=O)CCCC1,7.259637310505756
50403275,CN1N(CC(O)=O)C(=O)[C@H](CCC1=O)NC(=O)[C@@H](S)Cc1ccccc1,7.259637310505756
50017754,OC(=O)CCCNC(=O)C(CC(Cc1ccccc1)C(O)=O)Cc1ccccc1,7.2441251443275085
50287302,CC(C[C@@H](Cc1ccc(cc1)-c1ccccc1)C(=O)Nc1nc(CC(O)=O)cs1)C(O)=O,7.236572006437063
50286714,OC(=O)[C@@H]1CCCN1C(=O)[C@H](Cc1ccc(cc1)-c1ccccc1)NC(=O)[C@H](S)Cc1ccccc1,7.229147988357855
50042830,SCC1CCCCCCC(NC1=O)C(=O)Nc1cccnc1,7.229147988357855
50039532,CSCC[C@@H](NC(=O)[C@@H](CS)CCc1ccccc1)C(O)=O,7.221848749616356
85427,CC(CS)C(=O)Nc1cncc(c1)C(O)=O,7.221848749616356
50190773,CCCC(CC1(CCCC1)C(=O)Nc1nnc(CC)s1)C(O)=O,7.221848749616356
50509653,COc1cccc(c1)-c1ccc(C[C@H](CC(O)=O)NC(=O)CCC(O)=O)cc1,7.221848749616356
50017757,OC(=O)CC(=O)NC(CC(Cc1ccccc1)C(O)=O)Cc1ccccc1,7.2076083105017466
50051801,OC(=O)[C@@H]1CC[C@@H](N1C(=O)CNC(=O)C(S)Cc1ccc(cc1)C(O)=O)c1ccccc1O,7.2076083105017466
50073119,CC1(C)CCC[C@H](NC(=O)[C@@H](S)Cc2ccccc2)C(=O)N1CC(O)=O,7.200659450546418
50050129,CC(C)[C@H](NC(=O)[C@@H](S)Cc1ccccc1)C(=O)N1CC(O)CC1C(O)=O,7.200659450546418
50084666,CC1(C)CCCC(NC(=O)[C@@H](S)Cc2ccccc2)C(=O)N1CC(O)=O,7.200659450546418
50042829,CS(=O)(=O)CCCNC(=O)C1CCCCCCC(CS)C(=O)N1,7.200659450546418
50503889,CCCCc1nc(Cl)c(CNC(=O)[C@@H](CS)CC(C)C)n1Cc1ccc(cc1)-c1ccccc1C(O)=O,7.200659450546418
50503877,CCCCc1nc(Cl)c(CNC(=O)C(CS)CC(C)C)n1Cc1ccc(cc1)-c1ccccc1C(O)=O,7.200659450546418
50048504,OC(=O)CN1[C@@H](CC=C)CCC[C@H](NC(=O)[C@@H](S)Cc2ccccc2)C1=O,7.1938200260161125
50403259,OC(=O)CN1c2ccccc2SC[C@H](NC(=O)[C@@H](S)Cc2ccccc2)C1=O,7.1938200260161125
50041051,COc1cc(ccc1O)C(C)C(CS)C(=O)NC(Cc1ccc(O)cc1)C(O)=O,7.187086643357144
50034853,CCCC[C@H](C[C@@H](Cc1ccc(cc1)-c1ccccc1)C(=O)NCCC(O)=O)C(O)=O,7.180456064458132
50056253,OC(=O)[C@@H]1Cc2ccccc2CCCCCC[C@H](CS)C(=O)N1,7.173925197299173
50283632,OC(=O)[C@H](Cc1ccc(cc1)-c1ccccc1)NC(=O)[C@H](Cc1cccs1)NCP(O)(O)=O,7.136677139879544
50017745,[O-]C(=O)[C@@H](C[C@@H](Cc1ccccc1)C(=O)NC(Cc1c[nH]c2ccccc12)C([O-])=O)Cc1ccccc1,7.130768280269024
50039536,CSCC[C@@H](NC(=O)[C@@H](CS)Cc1ccccc1)C(N)=O,7.119186407719209
50503882,CCCCc1nc(C)c(CNC(=O)[C@@H](CS)CC(C)C)n1Cc1ccc(cc1)-c1ccccc1C(O)=O,7.102372908709558
50503896,CCOc1nc(CC)c(CNC(=O)[C@@H](CS)CC(C)C)n1Cc1ccc(c(F)c1)-c1ccccc1C(O)=O,7.102372908709558
50298107,OC(=O)C(Cc1ccc(O)cc1)NC(=O)CC(S)C(F)(F)F,7.096910013008056
50048507,OC(=O)CN1CCCC[C@H](NC(=O)[C@@H](S)Cc2ccccc2)C1=O,7.086186147616283
50190752,CCCC(CC1(CCCC1)C(=O)Nc1cn(CC)nn1)C(O)=O,7.086186147616283
50288353,OC(=O)[C@@H]1Cc2cccc3CCC(NC(=O)[C@H](S)Cc4ccccc4)C(=O)N1c23,7.080921907623926
50403256,C[C@H]1Oc2ccccc2N(CCC(O)=O)C(=O)[C@H]1NC(=O)[C@@H](S)Cc1ccccc1,7.080921907623926
50190764,CCCCC(CC1(CCCC1)C(=O)Nc1nnc(CC)s1)C(O)=O,7.075720713938118
50042836,OCCOCCNC(=O)C1CCCCCCC(CS)C(=O)N1,7.075720713938118
50048516,CCC[C@H]1CCC[C@H](NC(=O)[C@@H](S)Cc2ccccc2)C(=O)N1[C@@H](CC)C(O)=O,7.0655015487564325
50282843,CC(C)C[C@H](NC(=O)[C@@H](S)Cc1ccccc1)C(O)=O,7.060480747381382
50034854,C[C@H](C[C@@H](Cc1ccc(cc1)-c1ccccc1)NC(=O)CCCC(O)=O)C(O)=O,7.045757490560675
50017746,[O-]C(=O)[C@H](C[C@H](Cc1ccccc1)C(=O)Nc1cccc(c1)C([O-])=O)Cc1ccccc1,7.045757490560675
50287430,CS(=O)(=O)N[C@@H](CCCCN)C(=O)N[C@@H](Cc1ccccc1)P(O)(=O)CC1(CCCC1)C(=O)N[C@@H](Cc1c[nH]c2ccccc12)C(O)=O,7.045757490560675
50373671,O[C@@H](CN(CC1CCCC1)C(=O)N[C@@H](Cc1ccc(O)cc1)C(O)=O)C(O)=O,7.045757490560675
138394,C[C@H](N[C@@H](Cc1ccc(cc1)-c1cccc(Cl)c1)C(=O)NC1=NNNN1C)C(O)=O,7.040958607678906
50034843,C[C@H](C[C@@H](Cc1ccc(cc1)-c1ccccc1)NC(=O)CC(O)=O)C(O)=O,7.036212172654444
50048510,C[C@H](N1CCCC[C@H](NC(=O)[C@@H](S)Cc2ccccc2)C1=O)C(O)=O,7.036212172654444
50287303,OC(=O)Cc1nnc(NC(=O)[C@@H](CC(COc2ccccc2)C(O)=O)Cc2ccc(cc2)-c2ccccc2)s1,7.036212172654444
298276,C[C@H](CC(Cc1ccc(cc1)-c1ccccc1)NC(=O)CC(O)=O)C(O)=O,7.036212172654444
153116,C[C@H](C[C@@H](Cc1ccc(cc1)-c1ccccc1)NC(=O)NCC(O)=O)C(O)=O,7.031517051446065
50039519,CSCC[C@@H](NC(=O)[C@H](CS)Cc1ccccc1)C(N)=O,7.026872146400302
50190769,CCCC(CC1(CCCC1)C(=O)NC1(CO)Cc2ccccc2C1)C(O)=O,7.017728766960431
50190750,CCCC(CC1(CCCC1)C(=O)Nc1cc(Cc2ccccc2)ccn1)C(O)=O,7.017728766960431
50283641,Cc1ccccc1C[C@H](NCP(O)(O)=O)C(=O)N[C@@H](Cc1ccc(cc1)-c1ccccc1)C(O)=O,7.017728766960431
50034864,OC(=O)CC[C@@H](Cc1ccc(cc1)-c1ccccc1)NC(=O)CCC(O)=O,7.00436480540245
50056254,OC(=O)[C@H]1Cc2ccccc2CCCCC[C@H](CS)C(=O)N1,7.00436480540245
50050135,CC(OCc1ccccc1)[C@H](NC(=O)[C@@H](S)Cc1ccccc1)C(=O)N[C@@H](Cc1ccc(O)cc1)C(O)=O,7.0
50286724,OC(=O)[C@H](Cc1ccc(cc1)-c1ccccc1)NC(=O)[C@H](S)Cc1ccccc1,7.0
50286910,CSCCC(NC(=O)[C@@H](CC(COc1ccccc1)C(O)=O)Cc1ccc(cc1)-c1ccccc1)C(O)=O,6.995678626217358
50039502,OC(=O)[C@@H](CSCCc1ccccc1)NC(=O)[C@@H](CS)Cc1ccccc1,6.958607314841775
50008624,OS(=O)(=O)c1ccc(NC(=O)C(CS)CCCc2ccccc2)cc1,6.958607314841775
50509663,OC(=O)CCC(=O)N[C@@H](CC(O)=O)Cc1ccc(cc1)-c1cccc(c1)C(F)(F)F,6.954677021213342
50190739,CCC[C@H](CC1(CCCC1)C(=O)Nc1nnc(C)s1)C(O)=O,6.943095148663527
50084903,OP(O)(=O)CNC(Cc1ccc2c(c1)oc1ccccc21)c1nnn[nH]1,6.943095148663527
50286720,OC(=O)[C@@H]1CCCN1C(=O)[C@H](Cc1ccc(cc1)-c1ccccc1)NC(=O)[C@@H](S)Cc1ccccc1,6.931814138253839
50283608,C[C@H](CS)C(=O)N1C[C@H](C[C@H]1C(O)=O)NC(=O)NC(CS)Cc1ccccc1,6.928117992693875
50403260,C[C@H]1Oc2ccccc2N(CC(O)=O)C(=O)[C@H]1NC(=O)[C@@H](S)Cc1ccccc1,6.928117992693875
50050163,OC(=O)[C@H](Cc1cccc2ccccc12)NC(=O)[C@H](Cc1ccccc1)NC(=O)[C@@H](S)Cc1ccccc1,6.920818753952375
50190738,CCc1nnc(NC(=O)C2(CC(CCC(C)C)C(O)=O)CCCC2)s1,6.920818753952375
50040402,CCOC(=O)CCNC(=O)C(Cc1ccc(cc1)-c1ccccc1)NCP(O)(O)=O,6.920818753952375
50287305,OC(=O)CC[C@@H](Cc1ccc(cc1)-c1ccccc1)C(=O)Nc1nc(CC(O)=O)cs1,6.913640169325252
50190758,CCCC(CC1(CCCC1)C(=O)Nc1nnc(CC(C)C)s1)C(O)=O,6.906578314837765
50503893,CCCCc1nc(CC)c(CNC(=O)[C@@H](CS)CC(C)C)n1Cc1ccc(cc1)-c1ccccc1C(O)=O,6.899629454882437
50503900,CCCCc1nc(C2CC2)c(CNC(=O)[C@@H](CS)CC(C)C)n1Cc1ccc(cc1)-c1ccccc1C(O)=O,6.899629454882437
50503903,CCCCc1nc(CC(C)C)c(CNC(=O)[C@@H](CS)CC(C)C)n1Cc1ccc(cc1)-c1ccccc1C(O)=O,6.899629454882437
50050147,CC[C@@H](C)[C@H](NC(=O)[C@@H](S)c1ccccc1)C(=O)N1CCCC1C(O)=O,6.886056647693163
50038628,CC(NC(=O)C(CC(S)c1ccccc1)Cc1ccccc1)C(O)=O,6.886056647693163
50282589,CC(C)C[C@H](NC(CCc1ccc(O)cc1)P(O)(O)=O)C(=O)N[C@@H](Cc1c[nH]c2ccccc12)C(O)=O,6.886056647693163
50282588,CC(C)C[C@H](NC(CCc1ccccc1)P(O)(O)=O)C(=O)N[C@@H](Cc1c[nH]c2ccccc12)C(O)=O,6.886056647693163
50039498,OC(=O)[C@@H](CSCCc1ccccc1)NC(=O)[C@H](CS)Cc1ccccc1,6.876148359032914
50056256,OC(=O)[C@H]1Cc2ccccc2CCCCCC[C@H](CS)C(=O)N1,6.866461091629782
50403262,C[C@H](NC(=O)[C@@H](S)Cc1ccccc1)C(=O)N(CC(O)=O)c1ccccc1,6.863279432843593
50008594,[O-]S(=O)(=O)c1ccccc1NC(=O)C(CS)Cc1ccccc1,6.853871964321762
50282593,CC(C)C[C@H](NC(CCc1cccc2ccccc12)P(O)(O)=O)C(=O)N[C@@H](Cc1c[nH]c2ccccc12)C(O)=O,6.853871964321762
50282857,C[C@H](CS)C(=O)N[C@@H](C)C(=O)N1CCC[C@@H]1C(O)=O,6.853871964321762
50048501,OC(=O)CN1[C@@H](CC2CC2)CCC[C@H](NC(=O)[C@@H](S)Cc2ccccc2)C1=O,6.853871964321762
50403273,OC(=O)[C@@H]1CCN2N1C(=O)[C@H](CCC2=O)NC(=O)[C@@H](S)Cc1ccccc1,6.853871964321762
50084909,Cn1c2ccccc2c2ccc(CC(NCP(O)(O)=O)c3nnn[nH]3)cc12,6.853871964321762
153117,C[C@H](C[C@@H](Cc1ccc(cc1)-c1ccccc1)NC(=O)n1ccc(n1)C(O)=O)C(O)=O,6.847711655616943
50039533,OC(=O)[C@@H](CSCc1ccccc1)NC(=O)[C@H](CS)Cc1ccc(Cl)cc1,6.8326826652518236
50048517,C[C@@H]1CCC[C@H](NC(=O)[C@@H](S)Cc2ccccc2)C(=O)N1CC(O)=O,6.826813731587726
50283613,C[C@H](N[C@@H](CCc1ccccc1)C(O)=O)C(=O)N1C[C@H](C[C@H]1C(O)=O)NC(=O)C(CS)Cc1ccccc1,6.826813731587726
50018219,CN(C(Cc1ccccc1)C(O)=O)C(=O)C(CC(=O)NO)Cc1ccccc1,6.823908740944319
50038631,OC(=O)C(Cc1ccc(O)cc1)NC(=O)C(CC(S)Cc1ccccc1)Cc1ccccc1,6.823908740944319
50190757,CCCC(CC1(CCCC1)C(=O)N[C@H]1CC[C@H](CC1)C(N)=O)C(O)=O,6.823908740944319
50008608,[O-]S(=O)(=O)c1ccc(NC(=O)C(CS)Cc2ccc(cc2)C(F)(F)F)cc1,6.823908740944319
50282854,C[C@H](NC(=O)C(CS)CCc1ccccc1)C(=O)N1CCC[C@@H]1C(O)=O,6.795880017344075
50283658,CC[C@H](C)C(N[C@@H](C)C(O)=O)C(=O)N[C@@H](Cc1ccc(cc1)-c1ccccc1)C(O)=O,6.782516055786093
50064108,OP(O)(=O)CN[C@@H](CC#Cc1ccccc1)c1nnn[nH]1,6.769551078621726
50035243,CC(C)C(CC(=O)NO)C(=O)NC(CC(N)=O)C(O)=O,6.769551078621726
50283644,C[C@H](N[C@@H](Cc1ccccc1)C(=O)N[C@@H](Cc1ccc(cc1)-c1ccccc1)C(O)=O)P(O)(O)=O,6.767003889607846
50403271,OC(=O)CN1Cc2ccccc2C[C@H](NC(=O)[C@@H](S)Cc2ccccc2)C1=O,6.756961951313706
50369207,CC[C@H](C)[C@H](NC(=O)[C@@H](S)C(C)C)C(=O)N1C(CC2CCCCC12)C(O)=O,6.756961951313706
50190761,CCCC(CC1(CCCC1)C(=O)Nc1nnc(C)s1)C(O)=O,6.7544873321858505
50046265,OC(=O)C(Cc1ccc(O)cc1)NC(=O)C(Cc1ccccc1)C(S)CCc1ccccc1,6.7447274948966935
50050155,CC(C)[C@H](NC(=O)[C@@H](S)C(C)c1ccccc1)C(=O)N1CCCC[C@H]1C(O)=O,6.7447274948966935
50281655,OC(=O)[C@H]1CCC[C@H](C1)NC(=O)C(CS)Cc1ccccc1,6.7447274948966935
50039507,Cc1ccc(CSC[C@@H](NC(=O)[C@@H](CS)Cc2ccc(cc2)-c2ccccc2)C(O)=O)cc1,6.7447274948966935
50050133,CC[C@H](C)[C@H](S)C(=O)N[C@@H](C)C(=O)N1C(Cc2ccccc12)C(O)=O,6.7447274948966935
50282860,C[C@@H](S)[C@@H](Cc1ccccc1)C(=O)N[C@@H](C)C(=O)N1CCC[C@H]1C(O)=O,6.739928612014925
50190780,CCCCc1ccnc(NC(=O)C2(CC(CCC)C(O)=O)CCCC2)c1,6.735182176990463
50034868,C[C@@H](C[C@H](Cc1ccc(cc1)-c1ccccc1)NC(=O)CCC(O)=O)C(O)=O,6.721246399047171
50042838,OC(=O)[C@@H]1CSCCCCCCCC(CS)C(=O)N1,6.721246399047171
50050156,CC[C@H](C)[C@H](S)C(=O)N[C@@H](C(C)C)C(=O)N1CCC[C@H]1C(O)=O,6.721246399047171
50038621,CC(NC(=O)C(CC(S)Cc1ccccc1)Cc1ccccc1)C(O)=O,6.721246399047171
50190777,CCCC(CC1(CCCC1)C(=O)N[C@@H]1CCCC[C@@H]1Cc1ccccc1)C(O)=O,6.709965388637482
50283660,CC[C@H](C)C(NCC(O)=O)C(=O)N[C@@H](Cc1ccc(cc1)-c1ccccc1)C(O)=O,6.698970004336019
50034863,OC(=O)CCNC(=O)C(CC(Cc1ccc(Oc2ccccc2)cc1)C(O)=O)Cc1ccc(Oc2ccccc2)cc1,6.692503962086787
50190743,CCC[C@@H](CC1(CCCC1)C(=O)NC1(CO)Cc2ccccc2C1)C(O)=O,6.688246138944246
50040400,OC(=O)CCNC(=O)C(Cc1ccccc1)CP(O)(O)=O,6.684029654543083
50042834,OCCCNC(=O)C1CCCCCCC(CS)C(=O)N1,6.679853713888946
50006115,OC(=O)CC(=O)N[C@@H](CS)Cc1ccccc1,6.6777807052660805
50084905,OP(O)(=O)C(CCc1cccc2ccccc12)N[C@@H](Cc1ccc2c(c1)oc1ccccc21)c1nnn[nH]1,6.6777807052660805
50509667,OC(=O)CCC(=O)N[C@@H](CC(O)=O)Cc1ccc(cc1)-c1ccccc1OC(F)(F)F,6.673664139071248
50190782,CCCC(CC1(CCCC1)C(=O)N[C@@H]1CC[C@@H](C1)C(N)=O)C(O)=O,6.671620396561262
50281654,OC(=O)[C@H]1CCC[C@H](C1)NC(=O)C1(CS)CCCC1,6.667561540084395
50287298,OC(=O)Cc1cnc(NC(=O)[C@@H](CC(COc2ccccc2)C(O)=O)Cc2ccc(cc2)-c2ccccc2)[nH]1,6.661543506395395
50038630,CCC(C)C(CC(S)Cc1ccccc1)C(=O)NC(Cc1ccc(O)cc1)C(O)=O,6.657577319177793
50038626,CCC(C)C1CC(Cc2ccccc2)SC1=O,6.657577319177793
50281653,OC(=O)[C@H](Cc1ccccc1)NC(=O)C1(CS)CCCC1,6.657577319177793
50286719,OC(=O)[C@@H]1CCCN1C(=O)[C@H](Cc1ccc(cc1)-c1ccccc1)NC(=O)[C@H](S)c1ccc2OCOc2c1,6.653647025549361
50283636,OC(=O)[C@H](Cc1ccc(cc1)-c1ccccc1)NC(=O)[C@H](Cc1ccc(O)cc1)NCP(O)(O)=O,6.645891560852599
50084911,OP(O)(=O)CNC(Cc1ccc2-c3ccccc3C(=O)c2c1)c1nnn[nH]1,6.638272163982407
50298108,OC(=O)C(Cc1ccc(F)cc1)NC(=O)CC(S)C(F)(F)F,6.638272163982407
50039539,CC(C)(C)SC[C@@H](NC(=O)[C@H](CS)Cc1ccccc1)C(O)=O,6.636388020107856
50285326,Cc1ccc(cc1)-c1ccc(C[C@H](NCP(O)(O)=O)C(O)=O)cc1,6.627087997029894
50190763,CCc1nnc(NC(=O)C2(CCC(O)=O)CCCC2)s1,6.6252516539898965
50040408,OC(=O)CCNC(=O)[C@H](Cc1ccc(cc1)-c1ccccc1)NCP(O)(=O)Oc1ccccc1,6.623423042943488
85439,SCC(Cc1ccccc1)C(=O)Nc1cc(ccn1)C(=O)Nc1ccccc1,6.6020599913279625
50038617,CCC(C)C(CC(S)Cc1ccccc1)C(O)=O,6.6020599913279625
50008593,CC(C)CC(NC(=O)C(CS)Cc1ccccc1)S([O-])(=O)=O,6.6020599913279625
153107,C[C@H](C[C@@H](Cc1ccc(cc1)-c1ccccc1)NC(=O)CCCc1ccc2nc(C)sc2c1)C(O)=O,6.6020599913279625
50064114,OC(=O)[C@H](Cc1ccc(cc1)-c1ccccc1)NC(=O)[C@H](CC#Cc1ccccc1F)NCP(O)(O)=O,6.6020599913279625
50038619,CCC(C)C(CC(S)CCc1ccccc1)C(=O)NC(Cc1ccc(O)cc1)C(O)=O,6.585026652029182
153113,C[C@H](C[C@@H](Cc1ccc(cc1)-c1ccccc1)NC(=O)CC(C)(C)C(O)=O)C(O)=O,6.573488738635425
50038622,CCC(C)C(S)CC(Cc1ccccc1)C(=O)N[C@@H](Cc1ccc(O)cc1)C(O)=O,6.568636235841013
50039526,OC(=O)[C@@H](CSC(c1ccccc1)(c1ccccc1)c1ccccc1)NC(=O)C(CS)Cc1ccccc1,6.562249437179612
50509654,OC(=O)CCC(=O)N[C@@H](CC(O)=O)Cc1ccc(cc1)-c1cccc(OC(F)(F)F)c1,6.560667306169737
50283639,OC(=O)[C@H](Cc1ccc(cc1)-c1ccccc1)NC(=O)[C@H](Cc1ccc2ccccc2c1)NCP(O)(O)=O,6.549750891680639
153112,C[C@H](C[C@@H](Cc1ccc(cc1)-c1ccccc1)NC(=O)c1cccc(c1)C(O)=O)C(O)=O,6.548213564475709
50190775,CCCC(CC1(CCCC1)C(=O)Nc1nnc(s1)-c1ccccc1)C(O)=O,6.548213564475709
50282853,C[C@H](NC(=O)[C@H](S)Cc1ccccc1)C(=O)N1CCC[C@H]1C(O)=O,6.54515513999149
50190742,CCC[C@@H](CC1(CCCC1)C(=O)Nc1nnc(C)s1)C(O)=O,6.543633966870957
50039505,Cc1ccc(CSC[C@@H](NC(=O)[C@H](CS)Cc2ccc(cc2)-c2ccccc2)C(O)=O)cc1,6.5376020021010435
50038624,OC(=O)CCNC(=O)C(CC(S)Cc1ccccc1)Cc1ccccc1,6.5376020021010435
50085455,ON(C[C@@H](Cc1ccccc1)C(=O)N[C@H]1COc2ccccc2N(CC(O)=O)C1=O)C=O,6.5376020021010435
50190736,CCC[C@@H](CC1(CCCC1)C(=O)Nc1nnc(CC)s1)C(O)=O,6.534617148551582
50190767,CCCC(CC1(CCCC1)C(=O)NC1CCCC(C1)C(=O)N(C)C)C(O)=O,6.527243550682788
50287137,CCCCC(NC(=O)C(Cc1ccccc1)CP(O)(=O)[C@H](Cc1ccccc1)NC(=O)OCc1ccccc1)C(O)=O,6.522878745280337
50287140,CC(NC(=O)C(Cc1ccccc1)CP(O)(=O)[C@H](Cc1ccccc1)NC(=O)OCc1ccccc1)C(O)=O,6.522878745280337
50396567,OC(=O)CC(NC(=O)c1cc(=O)n([nH]1)-c1ccc(Cl)cc1)c1cc(Cl)ccc1Cl,6.522878745280337
50298106,OC(=O)C(Cc1ccccc1)NC(=O)CC(S)C(F)(F)F,6.522878745280337
50040404,COP(O)(=O)CNC(Cc1ccc(cc1)-c1ccccc1)C(=O)NCCC(O)=O,6.521433504406157
50285338,OP(O)(=O)CN[C@@H](Cc1ccc(cc1)-c1ccccc1)C(=O)NCc1ccccc1,6.511449283499556
50281656,OC(=O)[C@H]1CCC[C@H](C1)NC(=O)C1(CS)CCCCC1,6.508638306165727
50190760,CCCC(CC1(CCCC1)C(=O)Nc1ccc(=O)n(Cc2ccccc2)c1)C(O)=O,6.504455662453552
50190755,CCCC(CC1(CCCC1)C(=O)NC1Cc2ccccc2C1)C(O)=O,6.504455662453552
50503872,CCCCc1nc(Cl)c(CNC(=O)C(CS)CC2CC2)n1Cc1ccc(cc1)-c1ccccc1C(O)=O,6.5003129173815966
50503905,CCCCc1nc(Cl)c(CNC(=O)C(CS)CCC(C)C)n1Cc1ccc(cc1)-c1ccccc1C(O)=O,6.5003129173815966
50046259,CC(C)C(NC(=O)C(Cc1ccccc1)C(C)S)C(=O)NC(Cc1ccc(O)cc1)C(O)=O,6.494850021680094
50038616,OC(=O)C1CCCN1C(=O)C(CC(S)Cc1ccccc1)Cc1ccccc1,6.494850021680094
50038620,CCC(C)C(S)CC(Cc1ccccc1)C(=O)N[C@H](Cc1ccc(O)cc1)C(O)=O,6.494850021680094
50287103,CC(C)CC(CP(O)([O-])=C(CC(C)C)NC(=O)[C@H](CCCCNC(=O)OCc1ccccc1)NS(C)(=O)=O)C(=O)N[C@@H](Cc1c[nH]c2ccccc12)C([O-])=O,6.494850021680094
50034857,C[C@H](C[C@@H](Cc1ccc(cc1)-c1ccccc1)NC(=O)CCCCC(O)=O)C(O)=O,6.489454989793388
50283655,OC(=O)[C@H](Cc1ccc(cc1)-c1ccccc1)NC(=O)[C@H](Cc1ccc(Cl)cc1)NCP(O)(O)=O,6.471083299722345
153114,C[C@H](C[C@@H](Cc1ccc(cc1)-c1ccccc1)NC(=O)c1cc(=O)cc(o1)C(O)=O)C(O)=O,6.455931955649724
50038625,CCC(C)C(CC(S)Cc1ccccc1)C(=O)N1CCCC1C(O)=O,6.455931955649724
50038627,CCC(C)C(S)CC(Cc1ccccc1)C(=O)NC(Cc1ccc(O)cc1)C(N)=O,6.455931955649724
50025921,COC(=O)CNC(=O)C(CN(O)C=O)Cc1ccccc1,6.455931955649724
50283647,CC(C)C[C@H](NCP(O)(O)=O)C(=O)N[C@@H](Cc1ccc(cc1)-c1ccccc1)C(O)=O,6.448550002027125
50038614,CCC(C)C(S)CC(C(C)CC)C(=O)NC(Cc1ccc(O)cc1)C(N)=O,6.443697499232712
50285339,OP(O)(=O)CN[C@@H](Cc1ccc2ccccc2c1)c1nnn[nH]1,6.438898616350944
50286917,CCCC[C@H](C[C@H](Cc1ccc(cc1)-n1cccn1)C(=O)NCC(O)=O)C(O)=O,6.436518914605589
50287099,CC(C)CC(NC(=O)[C@H](CCCCNC(=O)OCc1ccccc1)NS(C)(=O)=O)=P(O)([O-])CC(C)C(=O)N[C@@H](Cc1c[nH]c2ccccc12)C([O-])=O,6.431798275933005
50190772,CCCC(CC1(CCCC1)C(=O)N[C@H]1CC[C@H](CC1)C(=O)N(C)C)C(O)=O,6.431798275933005
50039522,Cc1ccc(CSC[C@@H](NC(=O)[C@@H](CS)Cc2ccccc2)C(O)=O)cc1C,6.431798275933005
50190766,CCCC(CC1(CCCC1)C(=O)Nc1ccc(OC)nn1)C(O)=O,6.42712839779952
50073121,OC(=O)CN1C(=O)[C@H](CCCC11CC1)NC(=O)[C@@H](S)Cc1ccccc1,6.423658649794207
50190774,CCCC(CC1(CCCC1)C(=O)Nc1nncs1)C(O)=O,6.423658649794207
50038613,CCC(C)C(S)CC(C(C)CC)C(=O)NC(Cc1ccc(O)cc1)C(O)=O,6.42021640338319
50046266,CCC(C)C(NC(=O)C(Cc1ccccc1)C(C)S)C(=O)NC(Cc1ccc(O)cc1)C(O)=O,6.42021640338319
50190748,CCCC(CC1(CCCC1)C(=O)N[C@H](CO)Cc1ccccc1)C(O)=O,6.4156687756324695
50286716,OC(=O)[C@@H]1CCCN1C(=O)[C@H](Cc1ccc(cc1)-c1ccccc1)NC(=O)[C@@H](S)c1ccc2OCOc2c1,6.414539270491499
50016764,OC[C@H](NC(=O)[C@H](Cc1ccccc1)N[C@@H](CCc1ccccc1)C(O)=O)C(O)=O,6.405607449624573
50503899,CCCCc1nc(Cl)c(CNC(=O)C(CS)Cc2ccc3ccccc3c2)n1Cc1ccc(cc1)-c1ccccc1C(O)=O,6.400116927926312
50048514,C[C@H](NC(=O)[C@@H](S)Cc1ccccc1)C(=O)N1CCC[C@H]1C(O)=O,6.3979400086720375
50064117,CC(C)C[C@H](NC(=O)[C@H](CC#Cc1cccc(F)c1)NCP(O)(O)=O)C(O)=O,6.39040559077478
50286915,OC(=O)CNC(=O)C(CC(COc1ccccc1)C(O)=O)Cc1ccccc1,6.39040559077478
50509661,CCOc1ccccc1-c1ccc(C[C@H](CC(O)=O)NC(=O)CCC(O)=O)cc1,6.384049948343599
50354044,OC(=O)[C@H](CCc1ccccc1)N[C@@H](Cc1ccc(cc1)-c1ccccc1)C(O)=O,6.376750709602099
50073118,OC(=O)CN1C(=O)[C@H](CCCC11CCCC1)NC(=O)[C@@H](S)Cc1ccccc1,6.370590400897281
50354043,C[C@@H](CNC(=O)[C@H](Cc1ccc(C)cc1)N[C@@H](CCc1ccccc1)C(O)=O)C(O)=O,6.366531544420414
50287716,OC(=O)CNC(=O)[C@H]1[C@H](S)CC[C@@H]1c1ccccc1,6.366531544420414
50298111,OC(=O)C(Cc1ccc(O)cc1)NC(=O)C(Cc1ccccc1)NC(=O)CC(S)C(F)(F)F,6.366531544420414
50056261,OC(=O)[C@@H]1CCCCCCc2cccc(C[C@@H](CS)C(=O)N1)c2,6.351639989019068
153115,C[C@H](C[C@@H](Cc1ccc(cc1)-c1ccccc1)NC(=O)N1CCC[C@H]1C(O)=O)C(O)=O,6.346787486224656
50084906,OP(O)(=O)CNC(Cc1ccc-2c(Cc3ccccc-23)c1)c1nnn[nH]1,6.346787486224656
50048502,CCC[C@@H]1CCC[C@H](NC(=O)[C@@H](S)Cc2ccccc2)C(=O)N1CC(O)=O,6.33161408331
50287717,OC(=O)CNC(=O)[C@@H]1[C@@H](S)CC[C@H]1c1ccccc1,6.318758762624412
50403276,CN1CCC[C@H](NC(=O)[C@@H](S)Cc2ccccc2)C(=O)N1CC(O)=O,6.315154638355588
50403281,OC(=O)CN1NCCC[C@H](NC(=O)[C@@H](S)Cc2ccccc2)C1=O,6.313363730737707
50034859,CC(C)c1ccc(CC(CC(Cc2ccc(cc2)C(C)C)C(=O)NCCC(O)=O)C(O)=O)cc1,6.31069114087638
50008619,CN(CCS([O-])(=O)=O)C(=O)C(CS)Cc1ccccc1,6.309803919971486
50286717,CC(C)[C@H](S)C(=O)N[C@@H](Cc1ccc(cc1)-c1ccccc1)C(=O)N1CCC[C@H]1C(O)=O,6.301029995663981
50089199,CCCCC(CC(=O)NO)S(=O)(=O)c1ccc2ccccc2c1,6.301029995663981
50452141,C[C@H](NC(=O)[C@H](Cc1ccccc1)NCC(O)=O)C(O)=O,6.301029995663981
50051792,[NH3+]CCCCC(S)C(=O)NCC(=O)N1[C@@H](CC[C@@H]1c1ccccc1)C(O)=O,6.301029995663981
50288351,OC(=O)[C@@H]1Cc2cccc3CCC(NC(=O)C4(S)Cc5ccccc5C4)C(=O)N1c23,6.296708621881338
50034860,OC(=O)C(CC(Cc1ccc(cc1)-n1cccc1)C(=O)NC1CCC(CC1)C(O)=O)Cc1ccc(cc1)-n1cccc1,6.288192770958809
50190770,CCCC(CC1(CCCC1)C(=O)N[C@H](C)c1ccccc1)C(O)=O,6.275724130399211
50285331,CN(CP(O)(O)=O)[C@@H](Cc1ccc(cc1)-c1ccccc1)c1nnn[nH]1,6.275724130399211
50039517,Cc1ccc(CSC[C@@H](NC(=O)[C@H](CS)Cc2ccccc2)C(O)=O)cc1C,6.266802734893431
50282592,CCCC(N[C@@H](CC(C)C)C(=O)N[C@@H](Cc1c[nH]c2ccccc12)C(O)=O)P(O)(O)=O,6.259637310505756
50042833,SCC1CCCCCCC(NC1=O)C(=O)Nc1ccccc1,6.258848401148215
50403269,OC(=O)CN1c2ccccc2CC[C@@H](NC(=O)[C@@H](S)Cc2ccccc2)C1=O,6.251811972993799
50282587,CC(C)C[C@H](NC(CCc1c[nH]c2ccccc12)P(O)(O)=O)C(=O)N[C@@H](Cc1c[nH]c2ccccc12)C(O)=O,6.251811972993799
50298109,OC(=O)C(Cc1c[nH]c2ccccc12)NC(=O)CC(S)C(F)(F)F,6.236572006437063
50286726,OC(=O)[C@@H]1CCCN1C(=O)[C@H](Cc1ccc2ccccc2c1)NC(=O)[C@H](S)Cc1ccccc1,6.2343314452409855
50025922,CC(C)CCNC(=O)CNC(=O)C(CC(=O)NO)Cc1ccccc1,6.221848749616356
50503874,CCCCc1nc(Cl)c(CNC(=O)C(CS)Cc2cccc3ccccc23)n1Cc1ccc(cc1)-c1ccccc1C(O)=O,6.199970640755866
50503890,CCCCC(CS)C(=O)NCc1c(Cl)nc(CCCC)n1Cc1ccc(cc1)-c1ccccc1C(O)=O,6.199970640755866
50503909,CCCCc1nc(Cl)c(CNC(=O)C(CS)CC2CCCCC2)n1Cc1ccc(cc1)-c1ccccc1C(O)=O,6.199970640755866
50064103,OP(O)(=O)CN[C@@H](CC#Cc1ccc(F)cc1F)C(=O)NCCCc1ccccc1,6.1938200260161125
50073122,OC(=O)CN1C(=O)[C@H](CCCC11CCC1)NC(=O)[C@@H](S)Cc1ccccc1,6.193141970481182
50285324,OC(=O)CC[C@H](Cc1ccc(cc1)-c1ccccc1)NCP(O)(O)=O,6.191789027075778
50373666,O[C@@H](CN(CCN1C(=O)c2cccc3cccc(C1=O)c23)C(=O)N[C@@H](Cc1ccc2ccccc2c1)C(O)=O)C(O)=O,6.187086643357144
50286715,OC(=O)[C@H](Cc1ccc(cc1)-c1ccccc1)NC(=O)[C@@H](S)Cc1ccccc1,6.184422251675732
50190740,CCCC(CC1(CCCC1)C(=O)NCc1nnc(C)s1)C(O)=O,6.154901959985743
50027522,CC(C)CC(NC(=O)C(Cc1ccccc1)C([O-])=O)C([O-])=O,6.154901959985743
50025911,OC(=O)CNC(=O)C(Cc1ccccc1)C(O)=O,6.154901959985743
50286722,OC(=O)[C@@H]1CCCN1C(=O)[C@H](Cc1ccc2ccccc2c1)NC(=O)[C@@H](S)Cc1ccccc1,6.151810883008602
50064105,OC(=O)CN1c2ccccc2CC[C@H](NC(=O)[C@H](CC#Cc2ccc(F)cc2F)NCP(O)(O)=O)C1=O,6.136677139879544
50283656,CC(C)[C@H](N[C@@H](C)C(O)=O)C(=O)N[C@@H](Cc1ccc(cc1)-c1ccccc1)C(O)=O,6.133712660915805
50025912,ONC(=O)C(Cc1ccccc1)C(=O)NCC(=O)NCc1ccccc1,6.1249387366083
50287296,OC(=O)Cn1ccnc1NC(=O)[C@@H](CC(COc1ccccc1)C(O)=O)Cc1ccc(cc1)-c1ccccc1,6.117475462045119
50509646,OC(=O)CCC(=O)N[C@@H](CC(O)=O)Cc1ccc(cc1)-c1ccccc1C#N,6.101274818410507
50283968,OC(=O)CCNC(=O)C(Cc1ccc(cc1)-c1ccccc1)SCP(O)(O)=O,6.098541678603888
50027514,CC(C)CC(NC(=O)C(CC([O-])=O)Cc1ccccc1)C([O-])=O,6.096910013008056
50025923,CC(C)CCNC(=O)CNC(=O)C(CN(O)C=O)Cc1ccccc1,6.096910013008056
50025924,OC(=O)CNC(=O)C(CC(O)=O)Cc1ccccc1,6.096910013008056
50287101,CC(C)C(CP(O)([O-])=C(Cc1ccccc1)NC(=O)[C@H](CCCCN)NS(C)(=O)=O)C(=O)N[C@@H](Cc1c[nH]c2ccccc12)C([O-])=O,6.096910013008056
50287129,OC(=O)CC(NC(=O)C(Cc1ccccc1)CP(O)(=O)[C@H](Cc1ccccc1)NC(=O)OCc1ccccc1)C(O)=O,6.096910013008056
50287134,OC(=O)C(Cc1ccccc1)NC(=O)C(Cc1ccccc1)CP(O)(=O)[C@H](Cc1ccccc1)NC(=O)OCc1ccccc1,6.096910013008056
50287136,NC(=N)NCCCC(NC(=O)C(Cc1ccccc1)CP(O)(=O)[C@H](Cc1ccccc1)NC(=O)OCc1ccccc1)C(O)=O,6.096910013008056
50017760,OC(=O)[C@H](C[C@H](Cc1ccccc1)C(=O)Nc1ccc(cc1)C(O)=O)Cc1ccccc1,6.096910013008056
50283612,C[C@H](CS)C(=O)N1C[C@@H](C[C@H]1C(O)=O)NC(=O)C(CS)Cc1ccccc1,6.071092309756048
50025919,CC(C)CCNC(=O)CNC(=O)C(Cc1ccccc1)C(=O)NO,6.070581074285707
50064128,OP(O)(=O)CN[C@@H](CC#Cc1ccc(F)cc1F)C(=O)NCCc1ccc(Br)cc1,6.0655015487564325
50403263,CC(S)(Cc1ccccc1)C(=O)N[C@H]1CCc2ccccc2N(CC(O)=O)C1=O,6.062983892535185
50190781,CCCC(CC1(CCCC1)C(=O)N[C@@H]1CCCC[C@@H]1CCC)C(O)=O,6.050609993355087
50056257,OC(=O)[C@@H]1Cc2ccccc2CCCCCCC[C@H](CS)C(=O)N1,6.045757490560675
50287147,OC(=O)CNC(=O)C(Cc1ccccc1)CP(O)(=O)[C@H](Cc1ccccc1)NC(=O)OCc1ccccc1,6.045757490560675
50288346,CC(C)[C@H](S)C(=O)NC1CCc2cccc3C[C@H](N(c23)C1=O)C(O)=O,6.026872146400302
50020155,CC(C(O)=O)C(=O)NC(Cc1ccccc1)C(=O)NO,6.024568191490737
50286916,COCCOCC(CC(Cc1ccccc1)C(=O)NCC(O)=O)C(O)=O,6.024568191490737
50064132,CC(C)C[C@H](NC(=O)[C@H](CC#Cc1ccccc1)NCP(O)(O)=O)C(O)=O,6.023191662661934
50035244,CC(C)C(CNO)C(=O)NC(Cc1c[nH]c2ccccc12)C(O)=O,6.022276394711152
50040410,OC(=O)CCNC(=O)C(Cc1ccc(cc1)-c1ccccc1)NCP(O)(=O)OCc1ccccc1,6.0
50139892,C[C@H](NC(=O)[C@@H](N)Cc1ccccc1)C(O)=O,6.0
50283969,OC(=O)CCNC(=O)C(CCP(O)(O)=O)Cc1ccc(cc1)-c1ccccc1,6.0
50048503,CC(C)[C@H](N1CCCC[C@H](NC(=O)[C@@H](S)Cc2ccccc2)C1=O)C(O)=O,6.0
50283659,C[C@H](NCP(O)(O)=O)C(=O)N[C@@H](Cc1ccc(cc1)-c1ccccc1)C(O)=O,6.0
50017740,OC(=O)CCNC(=O)C(CCc1ccccc1)CC(CCc1ccccc1)C(O)=O,6.0
50503880,CCCCc1nc(Cl)c(CNC(=O)C(CS)CC2CCCC2)n1Cc1ccc(cc1)-c1ccccc1C(O)=O,6.0
50017748,OCCCNC(=O)C(CC(Cc1ccccc1)C([O-])=O)Cc1ccccc1,6.0
50017749,[O-]C(=O)CCNC(=O)C(CC(CC1CCCCC1)C([O-])=O)CC1CCCCC1,6.0
50017753,OC(=O)C(CC(Cc1ccccc1)C(=O)Nc1ccccc1C(O)=O)Cc1ccccc1,6.0
50190759,CCCC(CC1(CCCC1)C(=O)N[C@@H]1CCN(Cc2ccccc2)C1)C(O)=O,5.97469413473523
50282590,CC(C)C[C@H](NC(CCCc1ccccc1)P(O)(O)=O)C(=O)N[C@@H](Cc1c[nH]c2ccccc12)C(O)=O,5.958607314841775
50403270,OC(=O)CN1c2ccccc2CCCC(NC(=O)[C@@H](S)Cc2ccccc2)C1=O,5.949233688766958
50190779,CCCC(CC1(CCCC1)c1nnc(o1)-c1ccc(=O)n(Cc2ccccc2)c1)C(O)=O,5.9434762759209
50040399,OC(=O)CCNC(=O)C(Cc1ccccc1)NCP(O)(O)=O,5.939302159646388
50298110,OC(=O)C(Cc1ccccc1)NC(=O)CC(S)C(F)(F)C(F)(F)F,5.939302159646388
50287150,CCC(C)C(NC(=O)C(Cc1ccccc1)CP(O)(=O)[C@H](Cc1ccccc1)NC(=O)OCc1ccccc1)C(O)=O,5.920818753952375
50064129,OC(=O)[C@H](Cc1ccccc1)NC(=O)[C@H](CC#Cc1ccccc1F)NCP(O)(O)=O,5.920818753952375
50283611,C[C@H](N[C@@H](CCc1ccccc1)C(O)=O)C(=O)N1C[C@H](C[C@H]1C(O)=O)NC(=O)NC(CS)Cc1ccccc1,5.906578314837765
50503892,CCCCc1nc(Cl)c(CNC(=O)C(CS)C(C)c2ccccc2)n1Cc1ccc(cc1)-c1ccccc1C(O)=O,5.899974269892137
50503904,CCCCc1nc(Cl)c(CNC(=O)CNC(=O)C(CS)Cc2ccccc2)n1Cc1ccc(cc1)-c1ccccc1-c1nnn[nH]1,5.899974269892137
50503879,CCCCc1nc(Cl)c(CNC(=O)C(CS)C(C)CC)n1Cc1ccc(cc1)-c1ccccc1C(O)=O,5.899974269892137
50085461,CC(C)C[C@H](NC(=O)C(CN(O)C=O)Cc1ccccc1)C(=O)N[C@@H](Cc1ccccc1)C(O)=O,5.896196279044043
50285323,NC(=O)[C@H](Cc1ccc(cc1)-c1ccccc1)NCP(O)(O)=O,5.886056647693163
50042837,OC(=O)[C@@H]1CSCCCCCCCCC(CS)C(=O)N1,5.886056647693163
50064124,OC(=O)[C@H](Cc1ccc2ccccc2c1)NC(=O)[C@H](CC#Cc1ccccc1F)NCP(O)(O)=O,5.886056647693163
50509651,OC(=O)CCC(=O)N[C@@H](CC(O)=O)Cc1ccc(cc1)-c1ccccc1C(F)(F)F,5.863279432843593
50287130,OC(=O)C(Cc1c[nH]c2ccccc12)NC(=O)C(Cc1ccccc1)CP(O)(=O)[C@H](Cc1ccccc1)NC(=O)OCc1ccccc1,5.853871964321762
50403277,CCCN1CCC[C@H](NC(=O)[C@@H](S)Cc2ccccc2)C(=O)N1CC(O)=O,5.826813731587726
50190741,CCCC(CC1(CCCC1)C(=O)Nc1ccccn1)C(O)=O,5.823908740944319
50190765,CCCC(CC1(CCCC1)C(=O)NCc1ccc2OCOc2c1)C(O)=O,5.823908740944319
50509645,OC(=O)CCC(=O)N[C@@H](CC(O)=O)Cc1ccc(cc1)-c1ccc(F)cc1,5.823908740944319
50373670,O[C@@H](CN(CC1CCCCC1)C(=O)N[C@@H](Cc1ccc(O)cc1)C(O)=O)C(O)=O,5.812479279163537
50084913,CC(NC(=O)[C@H](Cc1ccc2c(c1)oc1ccccc21)NCP(O)(O)=O)C(O)=O,5.785156151952302
50089198,CCCCC(CC(=O)NO)S(=O)(=O)C1CCCCC1,5.782516055786093
50048508,OC(=O)CN1[C@H](CCC[C@H](NC(=O)[C@@H](S)Cc2ccccc2)C1=O)C1CCCC1,5.781727146428553
50048515,CC(C)C[C@H]1CCC[C@H](NC(=O)[C@@H](S)Cc2ccccc2)C(=O)N1CC(O)=O,5.781202001888262
50190749,CCCC(CC1(CCCC1)C(=O)NC1(CO)CCCC1)C(O)=O,5.767003889607846
50190754,CCCC(CC1(CCCC1)C(=O)Nc1ncccc1CC)C(O)=O,5.767003889607846
50367824,CN(O)C(=O)C[C@@H](Cc1ccccc1)NC(=O)CC(O)=O,5.761953896871205
50407278,OC(=O)CCNC(=O)[C@@H](Cc1ccc(cc1)-c1ccccc1)NCP(O)(O)=O,5.7447274948966935
50403265,C[C@H](S)C(=O)N[C@H]1CCc2ccccc2N(CC(O)=O)C1=O,5.732828271596986
50396555,COc1cc(nn1-c1ccccc1F)C(=O)N[C@@H](CC(O)=O)c1ccccc1C,5.721246399047171
50403278,CCCN1N(CC(O)=O)C(=O)[C@H](CCC1=O)NC(=O)[C@@H](S)Cc1ccccc1,5.7162466166674735
50509665,OC(=O)CCC(=O)N[C@@H](CC(O)=O)Cc1ccc(cc1)-c1ccc(Cl)cc1,5.709965388637482
50503891,CCCCc1nc(Cl)c(CNC(=O)C(CS)Cc2ccc(cc2)-c2ccccc2)n1Cc1ccc(cc1)-c1ccccc1C(O)=O,5.700057099977233
50503898,CCCCc1nc(Cl)c(CNC(=O)C(CS)Cc2ccccc2)n1Cc1ccc(cc1)-c1ccccc1-c1nnn[nH]1,5.700057099977233
50285639,C[C@H](NC(=O)[C@H](CC1CCCCC1)CC(=O)NO)C(O)=O,5.698970004336019
50027518,CC(C)C[C@H](NC(=O)[C@H](Cc1ccccc1)NCC(O)=O)C(O)=O,5.698970004336019
50064125,OC(=O)[C@H](CC1CCCCC1)NC(=O)[C@H](CC#Cc1ccc(F)cc1F)NCP(O)(O)=O,5.684029654543083
50287139,OC(=O)C(Cc1ccc(O)cc1)NC(=O)C(Cc1ccccc1)CP(O)(=O)[C@H](Cc1ccccc1)NC(=O)OCc1ccccc1,5.638272163982407
50084893,OC(=O)[C@H](Cc1ccc2c(c1)oc1ccccc21)NCP(O)(O)=O,5.638272163982407
50035242,CC(C)[C@H](NC(=O)[C@@H]1CCCN1C(=O)OCc1ccccc1)C(=O)NCC(=O)NO,5.638272163982407
50287141,OC(=O)CCNC(=O)C(Cc1ccccc1)CP(O)(=O)[C@H](Cc1ccccc1)NC(=O)OCc1ccccc1,5.638272163982407
50367822,ONC(=O)[C@H](Cc1ccccc1)NC(=O)CC(O)=O,5.6020599913279625
50369525,CCCC[C@H](CC(=O)NO)S(=O)(=O)c1ccccc1,5.6020599913279625
50064113,OP(O)(=O)CN[C@@H](CC#Cc1ccc(F)cc1F)C(=O)NCCc1ccc(cc1)-c1ccccc1,5.6020599913279625
50503908,CCCCc1nc(Cl)c(CNC(=O)C(CS)C(C)C)n1Cc1ccc(cc1)-c1ccccc1C(O)=O,5.599980364934842
50089197,CCCCC(CC(=O)NO)S(=O)c1ccccc1,5.585026652029182
50287131,CC(C)C(NC(=O)C(Cc1ccccc1)CP(O)(=O)[C@H](Cc1ccccc1)NC(=O)OCc1ccccc1)C(O)=O,5.522878745280337
50213993,OC(=O)CCC(NC(=O)C(Cc1ccccc1)CP(O)(=O)[C@H](Cc1ccccc1)NC(=O)OCc1ccccc1)C(O)=O,5.522878745280337
50190751,CCCC(CC1(CCCC1)c1nnc(Cc2ccccc2)o1)C(O)=O,5.508638306165727
50503888,CCCCc1nc(Cl)c(CNC(=O)C(CS)CC(C)C)n1Cc1ccc(cc1)-c1ccccc1-c1nnn[nH]1,5.50003813440381
50367823,ONC(=O)[C@@H](Cc1ccccc1)NC(=O)CC(O)=O,5.474955192963154
50285632,C[C@H](N(C)C(=O)[C@@H](CC(=O)NO)Cc1ccccc1)C(O)=O,5.468521082957745
50034852,OC(=O)CCC(=O)N[C@@H](C[C@@H](Cc1ccccc1)C(O)=O)Cc1ccccc1,5.3979400086720375
50064122,CSCC[C@H](NC(=O)[C@H](CC#Cc1ccccc1F)NCP(O)(O)=O)C(O)=O,5.391473966422806
50509657,COc1c(Cl)cccc1-c1ccc(C[C@H](CC(O)=O)NC(=O)CCC(O)=O)cc1,5.378615971518347
50008601,[O-]S(=O)(=O)CCN(C1CC1)C(=O)C(CS)Cc1ccccc1,5.376750709602099
50403264,OC(=O)CN1c2ccccc2CC[C@H](NC(=O)[C@@H](S)CC2CCCCC2)C1=O,5.370590400897281
50509664,CC(=O)Nc1cccc(c1)-c1ccc(C[C@H](CC(O)=O)NC(=O)CCC(O)=O)cc1,5.313185045492683
50064110,CC(C)C[C@H](NC(=O)[C@H](CC#Cc1ccc(F)cc1F)NCP(O)(O)=O)C(=O)N[C@@H](C)C(O)=O,5.236572006437063
50367825,CN(O)C(=O)[C@@H](Cc1ccccc1)NC(=O)CC(O)=O,5.2168113089247425
50064123,OP(O)(=O)CN[C@@H](CC#Cc1ccc(F)cc1F)C(=O)NCCc1cccc2ccccc12,5.207608310501746
50064104,CC(C)[C@H](NC(=O)[C@H](CC#Cc1ccccc1F)NCP(O)(O)=O)C(O)=O,5.200659450546418
50064112,OC(=O)[C@H](CC#Cc1ccccc1F)NC(=O)[C@H](CC#Cc1ccccc1F)NCP(O)(O)=O,5.200659450546418
50084894,COc1cccc(CCC(N[C@@H](Cc2ccc3c(c2)oc2ccccc32)C(O)=O)P(O)(O)=O)c1OC,5.1938200260161125
50064099,OP(O)(=O)CN[C@@H](CC#Cc1ccccc1F)C(=O)NCCc1ccc(cc1)-c1ccccc1,5.187086643357144
50089194,CCCCC[C@H](CC(=O)NO)C(=O)N[C@@H](C(C)C)C(=O)N1CCC[C@H]1CO,5.173925197299174
50064120,CC(C)C[C@H](NC(=O)[C@H](CC#Cc1ccc(F)cc1F)NCP(O)(O)=O)C(O)=O,5.173925197299174
50287142,CC(C)CC(NC(=O)C(Cc1ccccc1)CP(O)(=O)[C@H](Cc1ccccc1)NC(=O)OCc1ccccc1)C(O)=O,5.154901959985743
50382929,N[C@@H](CS)C(=O)N[C@@H](CCC(N)=O)C(=O)N[C@@H](CCCN=C(N)N)C(=O)N[C@@H](Cc1ccccc1)C(=O)N[C@@H](CO)C(=O)N[C@@H](CCCN=C(N)N)C(O)=O,5.154901959985743
50382926,N[C@@H](Cc1ccccc1)C(=O)N[C@@H](CO)C(=O)N[C@@H](CCCN=C(N)N)C(O)=O,5.154901959985743
50064118,OP(O)(=O)CN[C@@H](CC#Cc1ccc(F)cc1F)C(=O)NCCc1ccc2ccccc2c1,5.154901959985743
50503876,CCCCc1nc(Cl)c(CNC(=O)C(CS)Cc2ccccc2)n1Cc1ccc(cc1)-c1ccccc1C(O)=O,5.100015437450609
50064130,CC(C)C[C@H](NC(=O)[C@H](CC#Cc1ccccc1F)NCP(O)(O)=O)C(O)=O,5.0655015487564325
50064111,NCCc1c(NC(=O)[C@H](CC#Cc2ccc(F)cc2F)NCP(O)(O)=O)[nH]c2ccccc12,5.013228265733755
50064101,NCCc1c(NC(=O)[C@H](CC#Cc2ccccc2F)NCP(O)(O)=O)[nH]c2ccccc12,5.0
50287148,OC(=O)C(Cc1cnc[nH]1)NC(=O)C(Cc1ccccc1)CP(O)(=O)[C@H](Cc1ccccc1)NC(=O)OCc1ccccc1,5.0
50287144,NC(=O)CC(NC(=O)C(Cc1ccccc1)CP(O)(=O)[C@H](Cc1ccccc1)NC(=O)OCc1ccccc1)C(O)=O,5.0
50287151,CC(O)[C@@H](NC(=O)C(Cc1ccccc1)CP(O)(=O)[C@H](Cc1ccccc1)NC(=O)OCc1ccccc1)C(O)=O,5.0
50064097,OP(O)(=O)CN[C@@H](CC#Cc1ccc(F)cc1F)C(=O)NCCc1ccccn1,5.0
50064121,OP(O)(=O)CN[C@@H](CC#Cc1ccccc1F)C(=O)NCCc1cccc2ccccc12,4.97061622231479
50027513,CC(C)CC(NC(=O)C(Cc1ccccc1)NCCC([O-])=O)C([O-])=O,4.958607314841775
50224343,CC(C)C[C@@H](NC(=O)[C@H](Cc1ccccc1)NCC(O)=O)C(O)=O,4.958607314841775
50064127,OC(=O)[C@H](CC#Cc1ccccc1F)NCP(O)(O)=O,4.958607314841775
50382520,C[C@H](NC(=O)[C@@H](N)CCC(N)=O)C(=O)N[C@@H](Cc1ccccc1)C(=O)N[C@@H](CO)C(=O)N[C@@H](CCCN=C(N)N)C(O)=O,4.920818753952375
50084907,OC(=O)[C@H](Cc1ccc2c(c1)oc1ccccc21)NC(CCc1cccc2ccccc12)P(O)(O)=O,4.861066059743076
50287133,NC(=O)CCC(NC(=O)C(Cc1ccccc1)CP(O)(=O)[C@H](Cc1ccccc1)NC(=O)OCc1ccccc1)C(O)=O,4.823908740944319
50408913,CCCC[C@@H](CC(=O)NO)S(=O)(=O)c1ccccc1,4.823908740944319
50064131,OP(O)(=O)CN[C@@H](CC#Cc1ccc(F)cc1F)C(=O)NCCc1ccccc1,4.823908740944319
50084904,COc1ccc(CCC(N[C@@H](Cc2ccc3c(c2)oc2ccccc32)C(O)=O)P(O)(O)=O)c(OC)c1OC,4.823908740944319
50285636,ONC(=O)C[C@@H](Cc1ccccc1)C(=O)N1CCCC[C@H]1C(O)=O,4.769551078621726
50027517,CC(C)C[C@@H](NC(=O)[C@@H](Cc1ccccc1)NCC(O)=O)C(O)=O,4.7447274948966935
50089196,CCCCC(CC(=O)NO)S(=O)(=O)c1ccccc1,4.7447274948966935
50084892,COc1cc(CCC(N[C@@H](Cc2ccc3c(c2)oc2ccccc32)C(O)=O)P(O)(O)=O)cc(OC)c1OC,4.7447274948966935
50373662,O[C@@H](CN(Cc1ccc-2c(Cc3ccccc-23)c1)C(=O)N[C@@H](Cc1ccc2ccccc2c1)C(O)=O)C(O)=O,4.721246399047171
50064100,OP(O)(=O)CN[C@@H](CC#Cc1ccccc1F)C(=O)NCCc1ccccc1,4.721246399047171
50130713,CC(CSC(C)=O)C(=O)NCc1ccccc1,4.698970004336019
50130716,CC(CSC(C)=O)C(=O)Nc1ccccc1,4.698970004336019
50064107,CC(C)CCNC(=O)[C@H](CC#Cc1ccc(F)cc1F)NCP(O)(O)=O,4.638272163982407
50064115,OC(=O)[C@H](CC#Cc1ccc(F)cc1F)NCP(O)(O)=O,4.585026652029182
50396556,Cc1ccccc1[C@H](CC(O)=O)NC(=O)c1cc(OCC2CC2)n(n1)-c1ccccc1F,4.568636235841013
50382499,N[C@@H](CCC(N)=O)C(=O)N[C@@H](CCCN=C(N)N)C(=O)N[C@@H](Cc1ccccc1)C(=O)N[C@@H](CO)C(=O)N[C@@H](CCCN=C(N)N)C(O)=O,4.522878745280337
50382505,N[C@@H](CCC(N)=O)C(=O)N[C@@H](CCCN=C(N)N)C(=O)N[C@@H](Cc1ccccc1Br)C(=O)N[C@@H](CO)C(=O)N[C@@H](CCCN=C(N)N)C(O)=O,4.522878745280337
50382503,C[C@H](NC(=O)[C@H](CO)NC(=O)[C@H](Cc1ccccc1)NC(=O)[C@H](CCCN=C(N)N)NC(=O)[C@@H](N)CCC(N)=O)C(O)=O,4.481486060122113
50131536,NCCCC[C@H](NC(=O)[C@H](CO)NC(=O)[C@H](Cc1ccccc1)NC(=O)[C@H](CCCNC(N)=N)NC(=O)[C@@H](N)CCC(N)=O)C(O)=O,4.455931955649724
50382502,C[C@H](NC(=O)[C@H](Cc1ccccc1)NC(=O)[C@H](CCCN=C(N)N)NC(=O)[C@@H](N)CCC(N)=O)C(=O)N[C@@H](CCCN=C(N)N)C(O)=O,4.4089353929735005
50159368,CN(NC(=O)C1C[C@@H](S)CN1S(=O)(=O)c1ccc2ccccc2c1)S(=O)(=O)c1ccc(C)cc1,4.406713932979542
50064116,OP(O)(=O)CN[C@@H](CC#Cc1ccccc1F)C(=O)NCCc1ccc(Br)cc1,4.3979400086720375
50354039,OC(=O)CCNC(=O)[C@H](Cc1ccccc1)NCC(O)=O,4.356547323513812
50084896,CC(N[C@@H](Cc1ccc2c(c1)oc1ccccc21)C(O)=O)P(O)(O)=O,4.327902142064283
50084891,OC(=O)[C@H](Cc1ccc2c(c1)oc1ccccc21)NC(CCc1cccc2cccnc12)P(O)(O)=O,4.318758762624412
50382504,N[C@@H](CCC(N)=O)C(=O)N[C@@H](CCCN=C(N)N)C(=O)N[C@@H](Cc1ccccc1F)C(=O)N[C@@H](CO)C(=O)N[C@@H](CCCN=C(N)N)C(O)=O,4.318758762624412
50366431,C[C@H](O)[C@@H](NC(=O)C(Cc1ccccc1)CP(O)(=O)[C@H](Cc1ccccc1)NC(=O)OCc1ccccc1)C(O)=O,4.301029995663981
50131537,NCCCC[C@H](NC(=O)[C@@H](N)CCC(N)=O)C(=O)N[C@@H](Cc1ccccc1)C(=O)N[C@@H](CO)C(=O)N[C@@H](CCCNC(N)=N)C(O)=O,4.301029995663981
50104501,CCCC[C@H](CN(O)C=O)C(=O)N[C@H](C(=O)N(C)C)C(C)(C)C,4.301029995663981
50382925,N[C@@H](Cc1ccccc1)C(=O)N[C@@H](CCC(N)=O)C(=O)N[C@@H](CCCN=C(N)N)C(=O)N[C@@H](Cc1ccccc1)C(=O)N[C@@H](CO)C(=O)N[C@@H](CCCN=C(N)N)C(O)=O,4.292429823902063
50064119,OP(O)(=O)CN[C@@H](CC#Cc1ccccc1F)C(=O)NCc1ccccc1,4.259637310505756
50285637,CSCC[C@@H](NC(=O)[C@@H](CC(=O)NO)Cc1ccccc1)C(O)=O,4.214670164989233
50382509,N[C@@H](CCC(N)=O)C(=O)N[C@@H](CCCN=C(N)N)C(=O)N[C@@H](Cc1ccc(Cl)cc1)C(=O)N[C@@H](CO)C(=O)N[C@@H](CCCN=C(N)N)C(O)=O,4.154901959985743
50382514,N[C@@H](CCC(N)=O)C(=O)N[C@@H](CCCN=C(N)N)C(=O)N[C@@H](CCc1ccccc1)C(=O)N[C@@H](CO)C(=O)N[C@@H](CCCN=C(N)N)C(O)=O,4.154901959985743
50382516,N[C@@H](CCC(N)=O)C(=O)N[C@@H](CCCN=C(N)N)C(=O)N[C@@H](Cc1ccc(O)cc1)C(=O)N[C@@H](CO)C(=O)N[C@@H](CCCN=C(N)N)C(O)=O,4.154901959985743
50159363,COC(=O)c1ccccc1NC(=O)CN(C)C(=O)C1C[C@@H](S)CN1S(=O)(=O)c1ccc2ccccc2c1,4.086716098239582
50131500,N[C@@H](CCC(N)=O)C(=O)N[C@@H](CCCNC(N)=O)C(=O)N[C@@H](Cc1ccccc1)C(=O)N[C@@H](CO)C(=O)N[C@@H](CCCNC(N)=N)C(O)=O,4.045757490560675
50085453,CC(C)C[C@H](NC(=O)[C@H](Cc1ccccc1)N(O)C=O)C(=O)N[C@@H](Cc1ccccc1)C(O)=O,4.031517051446065
50285630,ONC(=O)C[C@@H](Cc1ccccc1)C(=O)N[C@@H](CC1CCCCC1)C(O)=O,3.9829666607012197
50382923,N[C@@H](CC(N)=O)C(=O)N[C@@H](CCCN=C(N)N)C(=O)N[C@@H](Cc1ccccc1)C(=O)N[C@@H](CO)C(=O)N[C@@H](CCCN=C(N)N)C(O)=O,3.886056647693163
50382927,N[C@@H](CCCN=C(N)N)C(=O)N[C@@H](Cc1ccccc1)C(=O)N[C@@H](CO)C(=O)N[C@@H](CCCN=C(N)N)C(O)=O,3.744727494896694
50085458,CC(C)C[C@H](NC(=O)C(CN(O)C(C)=O)Cc1ccccc1)C(=O)N[C@@H](Cc1ccccc1)C(O)=O,3.669586226650809
50027516,CC(C)C[C@H](NC(=O)[C@@H](N)Cc1ccccc1)C(O)=O,3.154901959985743
50085456,CC(C)C[C@H](NC(=O)C(CN(O)C(N)=O)Cc1ccccc1)C(=O)N[C@@H](Cc1ccccc1)C(O)=O,3.151810883008601
21642,C[C@H](CS)C(=O)N1CCC[C@H]1C(O)=O,3.0809219076239263
50130715,OC(=O)CCCN=CP(O)(O)CCc1ccccc1,2.6989700043360187
50130714,CC1CCCC(N1C(=O)CCS)C(O)=O,2.6989700043360187
