Molecule ChEMBL ID,Smiles,Standard Value,AlogP,Molecular Weight
CHEMBL276690,O=P(O)(O)C(Cc1cccc2c1OCO2)N[C@@H](Cc1ccc(-c2ccccc2)cc1)c1nnn[nH]1,0.7,3.22,493.46
CHEMBL431691,CC(O)C(NC(=O)C(Cc1ccccc1)CP(=O)(O)[C@H](Cc1ccccc1)NC(=O)OCc1ccccc1)C(=O)O,10000.0,3.56,582.59
CHEMBL212001,CCc1nnc(NC(=O)C2(CCC(=O)O)CCCC2)s1,237.0,2.46,297.38
CHEMBL27842,NC(=O)CC(NC(=O)C(Cc1ccccc1)CP(=O)(O)[C@H](Cc1ccccc1)NC(=O)OCc1ccccc1)C(=O)O,10000.0,3.06,595.59
CHEMBL273898,CC(C)CC(NC(=O)C(CS)C(C)c1ccccc1)C(=O)O,3.5,2.95,323.46
CHEMBL39714,O=C(NCCc1ccc(-c2ccccc2)cc1)[C@H](CC#Cc1ccccc1F)NCP(=O)(O)O,6500.0,3.69,480.48
CHEMBL150222,O=C1N[C@H](C(=O)O)CCCCc2ccccc2C[C@@H]1CS,0.9,2.07,307.42
CHEMBL378763,CCC[C@H](CC1(C(=O)Nc2nnc(CC)s2)CCCC1)C(=O)O,18.9,3.49,339.46
CHEMBL93785,COc1ccccc1C[C@H](NCP(=O)(O)O)C(=O)N[C@@H](Cc1ccc(-c2ccccc2)cc1)C(=O)O,1000.0,2.81,512.5
CHEMBL10251,O=P(O)(O)C(Cc1cccc2ccccc12)N[C@@H](Cc1ccc(-c2ccccc2)cc1)c1nnn[nH]1,4.8,4.64,499.51
CHEMBL273724,CC(c1ccc(F)cc1)C(CS)C(=O)NC(Cc1ccc(O)cc1)C(=O)O,5.9,2.99,391.46
CHEMBL89563,CC(C)[C@H](NCP(=O)(O)O)C(=O)N[C@@H](Cc1ccc(-c2ccccc2)cc1)C(=O)O,3.0,2.21,434.43
CHEMBL93167,CC(C)[C@H](NCP(=O)(O)O)C(=O)N[C@@H](Cc1ccc(C2CCCCC2)cc1)C(=O)O,35.0,2.6,440.48
CHEMBL11537,CCCCC(NC(=O)C(CS)C(C)c1ccccc1)C(=O)O,3.1,3.1,323.46
CHEMBL11806,COc1ccc(C(C)C(CS)C(=O)NC(Cc2ccc(O)cc2)C(=O)O)cc1OC,16.0,2.87,433.53
CHEMBL268473,O=P(O)(O)C(Cc1ccc2c(c1)OCO2)N[C@@H](Cc1ccc(-c2ccccc2)cc1)c1nnn[nH]1,0.6,3.22,493.46
CHEMBL287896,C[C@H](NC(=O)[C@@H](S)Cc1ccccc1)C(=O)N1CCC[C@H]1C(=O)O,400.0,1.11,350.44
CHEMBL442455,CC(C)CN(CP(=O)(O)O)C(=O)N[C@@H](Cc1ccc2ccccc2c1)C(=O)O,2.0,2.64,408.39
CHEMBL281237,O=C(N[C@@H](Cc1ccccc1)P(=O)(O)CC(Cc1ccccc1)C(=O)NC(Cc1c[nH]c2ccccc12)C(=O)O)OCc1ccccc1,1400.0,5.9,667.7
CHEMBL424877,CCCC(CC1(NC(=O)c2ccc(=O)n(Cc3ccccc3)c2)CCCC1)C(=O)O,3000.0,3.83,410.51
CHEMBL48534,CC(S)(Cc1ccccc1)C(=O)N[C@H]1CCc2ccccc2N(CC(=O)O)C1=O,2000.0,2.47,412.51
CHEMBL11344,COc1cc(C(C)C(CS)C(=O)NC(Cc2ccc(O)cc2)C(=O)O)ccc1O,65.0,2.57,419.5
CHEMBL24923,CC(C)[C@@H](NC(=O)C(Cc1ccccc1)CP(=O)(O)[C@H](Cc1ccccc1)NC(=O)OCc1ccccc1)C(=O)O,60000.0,4.84,580.62
CHEMBL211610,CCCC(CC1(C(=O)NCCc2ccc(Cl)cc2)CCCC1)C(=O)O,2000.0,4.45,365.9
CHEMBL378763,CCC[C@H](CC1(C(=O)Nc2nnc(CC)s2)CCCC1)C(=O)O,19.7,3.49,339.46
CHEMBL389061,COCC[C@H](CC1(C(=O)N[C@@H]2C[C@H]2c2ccc(OC)cc2)CCCC1)C(=O)O,13.8,3.36,389.49
CHEMBL1794047,C[C@H](O)[C@@H](NC(=O)C(Cc1ccccc1)CP(=O)(O)[C@H](Cc1ccccc1)NC(=O)OCc1ccccc1)C(=O)O,50000.0,3.56,582.59
CHEMBL3633447,N=C(N)NCCC[C@H](NC(=O)[C@@H](CO)NC(=O)[C@H](Cc1ccccc1)NC(=O)[C@H](CCCNC(=N)N)NC(=O)[C@@H](N)CCC(N)=O)C(=O)O,100000.0,-4.64,692.78
CHEMBL389061,COCC[C@H](CC1(C(=O)N[C@@H]2C[C@H]2c2ccc(OC)cc2)CCCC1)C(=O)O,6.1,3.36,389.49
CHEMBL446393,O=C(O)CN1C(=O)[C@@H](NC(=O)[C@H](CC#Cc2ccc(F)cc2F)NCP(=O)(O)O)CCc2ccccc21,730.0,1.35,535.44
CHEMBL11616,CC(c1ccccc1)C(CS)C(=O)NC(Cc1ccc(O)cc1)C(=O)O,2.5,2.85,373.47
CHEMBL2051773,CC(c1ccccc1)C(CS)C(=O)N[C@@H](C)C(=O)O,2.0,1.93,281.38
CHEMBL276872,O=P(O)(O)C(Cc1ccccc1)N[C@@H](Cc1ccc(-c2ccccc2)cc1)c1nnn[nH]1,0.74,3.49,449.45
CHEMBL11620,CC(NC(=O)C(CS)C(C)c1ccc2c(c1)OCO2)C(=O)O,2.0,1.65,325.39
CHEMBL276008,CC(NC(=O)C(CS)C(C)c1ccc(F)c(F)c1)C(=O)O,3.5,2.2,317.36
CHEMBL37527,CCCCC(C[C@@H](Cc1ccc(-c2ccccc2)cc1)C(=O)Nc1nc(CC(=O)O)cs1)C(=O)O,10.0,5.52,494.61
CHEMBL298388,O=C(O)CN1C(=O)[C@@H](NC(=O)[C@@H](S)Cc2ccccc2)CSc2ccccc21,64.0,2.24,416.52
CHEMBL304881,CN1C(=O)CC[C@H](NC(=O)[C@@H](S)Cc2ccccc2)C(=O)N1CC(=O)O,55.0,0.09,379.44
CHEMBL3235416,CNC(=O)[C@H](Cc1c[nH]cn1)NC(=O)CN(CCCc1ccccc1)CC(=O)O,100000.0,0.2,401.47
CHEMBL212065,CCCC(CC1(C(=O)NC2(CO)CCCC2)CCCC1)C(=O)O,1710.0,2.86,325.45
CHEMBL212220,CCCCC(CC1(C(=O)Nc2nnc(CC)s2)CCCC1)C(=O)O,84.0,3.88,353.49
CHEMBL377041,CCCC(CC1(C(=O)N[C@@H]2CCN(Cc3ccccc3)C2)CCCC1)C(=O)O,1060.0,3.83,386.54
CHEMBL211652,CCCCc1ccnc(NC(=O)C2(CC(CCC)C(=O)O)CCCC2)c1,184.0,4.81,360.5
CHEMBL35260,O=C(O)Cc1nnc(NC(=O)[C@H](Cc2ccc(-c3ccccc3)cc2)CC(COc2ccccc2)C(=O)O)s1,92.0,4.8,545.62
CHEMBL313419,CCCC[C@H](NCP(=O)(O)O)C(=O)N[C@@H](Cc1ccc(-c2ccccc2)cc1)C(=O)O,37.0,2.75,448.46
CHEMBL329530,C[C@H](c1ccccc1)[C@H](NCP(=O)(O)O)C(=O)N[C@@H](Cc1ccc(-c2ccccc2)cc1)C(=O)O,47.0,3.36,496.5
CHEMBL92632,CC(C)[C@H](N[C@@H](C)C(=O)O)C(=O)N[C@@H](Cc1ccc(-c2ccccc2)cc1)C(=O)O,735.0,2.55,412.49
CHEMBL273489,O=P(O)(O)C(Cc1ccc2c(c1)OCO2)N[C@H](Cc1ccc(-c2ccccc2)cc1)c1nnn[nH]1,2.5,3.22,493.46
CHEMBL212105,CCCC(CC1(C(=O)NC2CCCC(C(=O)N(C)C)C2)CCCC1)C(=O)O,297.0,3.2,380.53
CHEMBL271718,O=C(O)[C@H](Cc1ccc2ccccc2c1)NC(=O)N(CCN1C(=O)c2cccc3cccc(c23)C1=O)C[C@H](O)C(=O)O,650.0,2.74,569.57
CHEMBL3703484,C[C@H](C[C@@H](Cc1ccc(-c2cccc(Cl)c2)cc1)NC(=O)CCC(=O)O)C(=O)O,0.3,4.01,417.89
CHEMBL3676150,O=C(O)CCC(=O)N[C@@H](CC(=O)O)Cc1ccc(-c2cccc(Cl)c2)cc1,1.5,3.37,389.83
CHEMBL4518426,CCc1cccc(-c2ccc(C[C@H](CC(=O)O)NC(=O)CCC(=O)O)cc2)c1,5.4,3.28,383.44
CHEMBL46081,O=C(O)CCC(=O)N[C@@H](CCC(=O)O)Cc1ccc(-c2ccccc2)cc1,550.0,3.11,369.42
CHEMBL4466321,N#Cc1cccc(-c2ccc(C[C@H](CC(=O)O)NC(=O)CCC(=O)O)cc2)c1,6.9,2.59,380.4
CHEMBL4443138,CC(C[C@@H](Cc1ccc(-c2cccc(Cl)c2)cc1)NC(=O)CCC(=O)O)C(=O)O,0.8,4.01,417.89
CHEMBL92949,CC(C)[C@H](NCP(=O)(O)O)C(=O)N[C@@H](Cc1c[nH]c2ccccc12)C(=O)O,9.0,1.03,397.37
CHEMBL479579,CC(C)C[C@H](NP(=O)(O)O[C@@H]1O[C@@H](C)[C@H](O)[C@@H](O)[C@H]1O)C(=O)N[C@@H](Cc1c[nH]c2ccccc12)C(=O)O,30.0,0.23,543.51
CHEMBL212377,CCCC(CC1(C(=O)Nc2nnc(CC3CC3)s2)CCCC1)C(=O)O,38.0,3.88,365.5
CHEMBL149367,O=C1N[C@@H](C(=O)O)Cc2ccccc2CCCCCC[C@@H]1CS,136.0,2.85,335.47
CHEMBL28215,N=C(N)NCCC[C@@H](NC(=O)C(Cc1ccccc1)CP(=O)(O)[C@H](Cc1ccccc1)NC(=O)OCc1ccccc1)C(=O)O,60000.0,3.44,637.67
CHEMBL99132,O=C(CS)NC1CCc2cccc3c2N(C1=O)[C@H](C(=O)O)C3,1000.0,0.39,320.37
CHEMBL479579,CC(C)C[C@H](NP(=O)(O)O[C@@H]1O[C@@H](C)[C@H](O)[C@@H](O)[C@H]1O)C(=O)N[C@@H](Cc1c[nH]c2ccccc12)C(=O)O,100.0,0.23,543.51
CHEMBL329136,O=C(O)[C@H](Cc1ccc(-c2ccccc2)cc1)NC(=O)[C@H](Cc1ccccc1O)NCP(=O)(O)O,1000.0,2.51,498.47
CHEMBL3633451,N=C(N)NCCC[C@H](NC(=O)[C@H](CO)NC(=O)[C@H](Cc1ccccc1)NC(=O)[C@H](CCCNC(N)=O)NC(=O)[C@@H](N)CCC(N)=O)C(=O)O,90000.0,-4.45,693.76
CHEMBL1778529,CCC[C@H](NC1(C(=O)N[C@@H](Cc2nc(-c3ccccc3)co2)C(=O)O)CCCC1)C(=O)O,7.0,2.61,443.5
CHEMBL48534,CC(S)(Cc1ccccc1)C(=O)N[C@H]1CCc2ccccc2N(CC(=O)O)C1=O,865.0,2.47,412.51
CHEMBL27110,CC(C)CC(NC(=O)C(Cc1ccccc1)CP(=O)(O)[C@H](Cc1ccccc1)NC(=O)OCc1ccccc1)C(=O)O,4000.0,5.23,594.65
CHEMBL377037,CCCC(CC1(C(=O)NC2(CO)Cc3ccccc3C2)CCCC1)C(=O)O,96.0,3.08,373.49
CHEMBL289556,O=C(N[C@H]1CCS[C@H]2CCC[C@@H](C(=O)O)N2C1=O)[C@@H](S)Cc1ccccc1,0.1995,1.94,408.55
CHEMBL4453362,CCCCc1nc(Cl)c(CNC(=O)C(CS)C(C)C)n1Cc1ccc(-c2ccccc2C(=O)O)cc1,2511.89,6.11,528.12
CHEMBL4547120,CCCCc1nc(C2CC2)c(CNC(=O)[C@@H](S)CC(C)C)n1Cc1ccc(-c2ccccc2C(=O)O)cc1,1.0,6.48,533.74
CHEMBL4588688,CCOc1nc(CC)c(CNC(=O)[C@@H](CS)CC(C)C)n1Cc1ccc(-c2ccccc2C(=O)O)cc1F,15.85,5.61,541.69
CHEMBL24919,CCC(C)C(NC(=O)C(Cc1ccccc1)CP(=O)(O)[C@H](Cc1ccccc1)NC(=O)OCc1ccccc1)C(=O)O,1200.0,5.23,594.65
CHEMBL27868,NC(=O)CCC(NC(=O)C(Cc1ccccc1)CP(=O)(O)[C@H](Cc1ccccc1)NC(=O)OCc1ccccc1)C(=O)O,100000.0,3.45,609.62
CHEMBL214160,CCCC(CC1(C(=O)Nc2nncs2)CCCC1)C(=O)O,377.0,2.93,311.41
CHEMBL213861,CCCC(CC1(C(=O)N[C@@H]2CC[C@H](C(N)=O)C2)CCCC1)C(=O)O,213.0,2.21,338.45
CHEMBL431210,CCCC[C@H](CN(O)C=O)C(=O)N[C@H](C(=O)N(C)C)C(C)(C)C,50000.0,1.26,329.44
CHEMBL256895,O=C(O)[C@H](Cc1ccc2ccccc2c1)NC(=O)N(Cc1ccc2c(c1)Cc1ccccc1-2)C[C@H](O)C(=O)O,19000.0,4.06,524.57
CHEMBL270576,CC(C)CN(C[C@H](O)C(=O)O)C(=O)N[C@@H](Cc1ccc(O)cc1)C(=O)O,6.0,0.5,368.39
CHEMBL409720,CC(C)CN(C[C@H](O)C(=O)O)C(=O)N[C@@H](Cc1ccc(-c2ccccc2)cc1)C(=O)O,10.0,2.46,428.49
CHEMBL43370,CS(=O)(=O)N[C@@H](CCCCN)C(=O)N[C@@H](Cc1ccccc1)P(=O)(O)CC1(C(=O)N[C@@H](Cc2c[nH]c3ccccc23)C(=O)O)CCCC1,90.0,2.84,703.8
CHEMBL98876,CC(C)[C@H](S)C(=O)NC1CCc2cccc3c2N(C1=O)[C@H](C(=O)O)C3,940.0,1.41,362.45
CHEMBL213404,CCCC(CC1(C(=O)N[C@@H]2CCCC[C@@H]2Cc2ccccc2)CCCC1)C(=O)O,195.0,5.36,399.58
CHEMBL318192,O=C(NC1CCc2cccc3c2N(C1=O)[C@H](C(=O)O)C3)[C@H](S)Cc1ccccc1,83.0,2.0,410.5
CHEMBL378763,CCC[C@H](CC1(C(=O)Nc2nnc(CC)s2)CCCC1)C(=O)O,19.7,3.49,339.46
CHEMBL416234,O=C(NCCc1ccc(Br)cc1)[C@H](CC#Cc1ccc(F)cc1F)NCP(=O)(O)O,860.0,2.92,501.26
CHEMBL281237,O=C(N[C@@H](Cc1ccccc1)P(=O)(O)CC(Cc1ccccc1)C(=O)NC(Cc1c[nH]c2ccccc12)C(=O)O)OCc1ccccc1,10000.0,5.9,667.7
CHEMBL50559,C[C@@H]1Oc2ccccc2N(CC(=O)O)C(=O)[C@H]1NC(=O)[C@@H](S)Cc1ccccc1,5.2,1.91,414.48
CHEMBL94173,CC[C@H](C)C(N[C@@H](C)C(=O)O)C(=O)N[C@@H](Cc1ccc(-c2ccccc2)cc1)C(=O)O,165.0,2.94,426.51
CHEMBL148140,O=C1N[C@@H](C(=O)O)Cc2ccccc2CCCCC[C@@H]1CS,99.0,2.46,321.44
CHEMBL378763,CCC[C@H](CC1(C(=O)Nc2nnc(CC)s2)CCCC1)C(=O)O,18.9,3.49,339.46
CHEMBL211529,CCCC(CC1(C(=O)N[C@@H]2CCCC[C@@H]2CCC)CCCC1)C(=O)O,890.0,4.91,351.53
CHEMBL386053,CCCC(CC1(C(=O)NCc2ccc3c(c2)OCO3)CCCC1)C(=O)O,1500.0,3.48,361.44
CHEMBL34884,O=C(O)CNC(=O)[C@H](Cc1ccc(-c2ccccc2)cc1)C[C@@H](COc1ccccc1)C(=O)O,3.2,3.88,461.51
CHEMBL93816,CC(C)(S)C(=O)NC1CCc2cccc3c2N(C1=O)[C@H](C(=O)O)C3,1000.0,1.17,348.42
CHEMBL1778533,COCC[C@H](NC1(C(=O)N[C@@H](Cc2nc(C)c(-c3ccccc3)o2)C(=O)O)CCCC1)C(=O)O,5.0,2.15,473.53
CHEMBL273216,O=C(O)[C@H](Cc1ccc(-c2ccccc2)cc1)NCP(=O)(O)O,15000.0,2.07,335.3
CHEMBL63001,CN1CCC[C@H](NC(=O)[C@@H](S)Cc2ccccc2)C(=O)N1CC(=O)O,484.0,0.57,365.46
CHEMBL148140,O=C1N[C@@H](C(=O)O)Cc2ccccc2CCCCC[C@@H]1CS,99.0,2.46,321.44
CHEMBL213281,CCc1nnc(NC(=O)C2(CC(CCC(C)C)C(=O)O)CCCC2)s1,120.0,4.13,367.52
CHEMBL273244,O=P(O)(O)C(Cc1ccc2ccccc2c1)N[C@H](Cc1ccc(-c2ccccc2)cc1)c1nnn[nH]1,,4.64,499.51
CHEMBL3695448,CCOC(=O)[C@H](C)N[C@@H](Cc1ccc(-c2cccc(Cl)c2)cc1)C(=O)Nc1nnn[nH]1,0.09,2.61,442.91
CHEMBL3695449,C[C@H](N[C@@H](Cc1ccc(-c2cc(Cl)ccc2Cl)cc1)C(=O)Nc1nnn[nH]1)C(=O)OC(C)(C)C,0.3,4.04,505.41
CHEMBL3695452,C[C@H](N[C@@H](Cc1ccc(-c2cccc(Cl)c2)cc1)C(=O)NC1=NNNN1C)C(=O)O,91.0,1.32,430.9
CHEMBL377431,CCCC(CC1(C(=O)N[C@H](CO)Cc2ccccc2)CCCC1)C(=O)O,384.0,3.16,361.48
CHEMBL377415,CCCC(CC1(C(=O)Nc2cccc(CC)n2)CCCC1)C(=O)O,2000.0,4.03,332.44
CHEMBL2024270,N=C(N)NCCC[C@H](NC(=O)[C@H](CO)NC(=O)[C@H](Cc1ccc(C(=O)c2ccccc2)cc1)NC(=O)[C@H](CCCNC(=N)N)NC(=O)[C@@H](N)CCC(N)=O)C(=O)O,100000.0,-3.4,796.89
CHEMBL272575,O=C(O)[C@H](Cc1ccc(O)cc1)NC(=O)N(CC1CCCC1)C[C@H](O)C(=O)O,90.0,1.04,394.42
CHEMBL1778528,CCC[C@H](NC1(C(=O)N[C@@H](Cc2nc(CC(C)C)co2)C(=O)O)CCCC1)C(=O)O,20.0,2.14,423.51
CHEMBL84969,CCCCC(CN(O)C=O)C(=O)N[C@H](C(=O)N(C)C)C(C)(C)C,,1.26,329.44
CHEMBL1778531,COCC[C@H](NC1(C(=O)N[C@@H](Cc2nc(-c3ccccc3)co2)C(=O)O)CCCC1)C(=O)O,4.8,1.85,459.5
CHEMBL225085,COCC[C@H](CC1(C(=O)NCCCc2ccc(Cl)cc2)CCCC1)C(=O)O,10.5,4.08,395.93
CHEMBL275980,CC(C)C(NC(=O)C(CS)C(C)c1ccccc1)C(=O)O,15.0,2.56,309.43
CHEMBL299875,CCCC[C@H](S)C(=O)N[C@H]1CCc2ccccc2N(CC(=O)O)C1=O,36.0,2.02,364.47
CHEMBL442337,CC(C)C[C@@H](NC(=O)C(CS)Cc1ccccc1)C(=O)O,4.5,2.39,309.43
CHEMBL2022236,N=C(N)NCCC[C@H](NC(=O)[C@H](CO)NC(=O)[C@H](Cc1ccc(I)cc1)NC(=O)[C@H](CCCNC(=N)N)NC(=O)[C@@H](N)CCC(N)=O)C(=O)O,100000.0,-4.03,818.68
CHEMBL3677668,C[C@H](C[C@@H](Cc1ccc(-c2ccccc2)cc1)NC(=O)N1CCC[C@H]1C(=O)O)C(=O)O,450.0,3.63,424.5
CHEMBL3695453,O=C(O)[C@H](CCc1ccccc1)N[C@@H](Cc1ccc(-c2cccc(Cl)c2)cc1)C(=O)NC1=NNNN1,0.2,2.59,506.99
CHEMBL3695454,CC[C@H](N[C@@H](Cc1ccc(-c2cccc(Cl)c2)cc1)C(=O)NC1=NNNN1)C(=O)O,0.2,1.37,430.9
CHEMBL439508,CCCC(CC1(C(=O)N[C@H]2CC[C@@H](C(N)=O)CC2)CCCC1)C(=O)O,150.0,2.6,352.48
CHEMBL2022225,N=C(N)NCCC[C@H](NC(=O)[C@H](CO)NC(=O)[C@H](Cc1ccccc1)NC(=O)[C@H](CCCNC(=N)N)NC(=O)[C@@H](N)CCC(N)=O)C(=O)O,30000.0,-4.64,692.78
CHEMBL16779,O=C(O)CNC(=O)C(CC(=O)NO)Cc1ccccc1,1.4,-0.06,280.28
CHEMBL39384,O=P(O)(O)CN[C@@H](CC#Cc1ccccc1)c1nn[nH]n1,170.0,0.41,307.25
CHEMBL194651,CCCc1cnc(N2C[C@H](S)CC2CNCc2cc(F)ccc2F)nc1,100000.0,3.37,378.49
CHEMBL487941,O=C(Cc1ccc2nccnc2c1)N1CCCC1,50000.0,1.79,241.29
CHEMBL3677662,Cc1nc2ccc(CCCC(=O)N[C@H](Cc3ccc(-c4ccccc4)cc3)C[C@@H](C)C(=O)O)cc2s1,250.0,6.43,500.66
CHEMBL3677667,C[C@H](C[C@@H](Cc1ccc(-c2ccccc2)cc1)NC(=O)c1cc(=O)cc(C(=O)O)o1)C(=O)O,350.0,3.46,449.46
CHEMBL372307,O=C(N[C@H]1CCCSC2CCC[C@@H](C(=O)O)N21)[C@@H](S)Cc1ccccc1,8.0,2.76,394.56
CHEMBL433702,O=C1N[C@H](C(=O)O)Cc2ccccc2CCCCCCC[C@@H]1CS,900.0,3.24,349.5
CHEMBL211596,CCCC(CC1(C(=O)Nc2ccccn2)CCCC1)C(=O)O,1500.0,3.47,304.39
CHEMBL376425,CCCC(CC1(C(=O)NC2Cc3ccccc3C2)CCCC1)C(=O)O,313.0,3.72,343.47
CHEMBL211500,CCC[C@@H](CC1(C(=O)Nc2nnc(CC)s2)CCCC1)C(=O)O,292.0,3.49,339.46
CHEMBL212526,CCC[C@H](CC1(C(=O)NC2(CO)Cc3ccccc3C2)CCCC1)C(=O)O,11.0,3.08,373.49
CHEMBL378763,CCC[C@H](CC1(C(=O)Nc2nnc(CC)s2)CCCC1)C(=O)O,26.0,3.49,339.46
CHEMBL1778536,COCC[C@H](NC1(C(=O)N[C@@H](Cc2nc(-c3ccccc3)no2)C(=O)O)CCCC1)C(=O)O,1.9,1.24,460.49
CHEMBL284818,O=C(O)C(COc1ccccc1)C[C@@H](Cc1ccc(-c2ccccc2)cc1)C(=O)NCc1nn[nH]n1,19.0,3.51,485.54
CHEMBL2022227,C[C@H](NC(=O)[C@@H](N)CCC(N)=O)C(=O)N[C@@H](Cc1ccccc1)C(=O)N[C@@H](CO)C(=O)N[C@@H](CCCNC(=N)N)C(=O)O,12000.0,-3.88,607.67
CHEMBL51438,O=C(O)CCN1C(=O)[C@@H](NC(=O)[C@@H](CS)Cc2ccccc2)CCc2ccccc21,1.7,2.71,426.54
CHEMBL2022232,N=C(N)NCCC[C@H](NC(=O)[C@H](CO)NC(=O)[C@H](Cc1ccccc1Br)NC(=O)[C@H](CCCNC(=N)N)NC(=O)[C@@H](N)CCC(N)=O)C(=O)O,30000.0,-3.87,771.68
CHEMBL35995,NCCc1c(NC(=O)[C@H](CC#Cc2ccc(F)cc2F)NCP(=O)(O)O)[nH]c2ccccc12,9700.0,2.42,476.42
CHEMBL36809,O=C(NCCc1cccc2ccccc12)[C@H](CC#Cc1ccccc1F)NCP(=O)(O)O,10700.0,3.17,454.44
CHEMBL2029396,N=C(N)NCCC[C@H](NC(=O)[C@H](CO)NC(=O)[C@H](Cc1ccccc1)NC(=O)[C@H](CCCNC(=N)N)NC(=O)[C@@H](N)CC(N)=O)C(=O)O,130000.0,-5.03,678.75
CHEMBL2029399,N=C(N)NCCC[C@H](NC(=O)[C@H](CO)NC(=O)[C@H](Cc1ccccc1)NC(=O)[C@H](CCCNC(=N)N)NC(=O)[C@H](CCC(N)=O)NC(=O)[C@@H](N)CS)C(=O)O,7000.0,-5.22,795.92
CHEMBL27868,NC(=O)CCC(NC(=O)C(Cc1ccccc1)CP(=O)(O)[C@H](Cc1ccccc1)NC(=O)OCc1ccccc1)C(=O)O,15000.0,3.45,609.62
CHEMBL2029393,N=C(N)NCCC[C@H](NC(=O)[C@H](CO)NC(=O)[C@@H](N)Cc1ccccc1)C(=O)O,7000.0,-2.13,408.46
CHEMBL3677672,C[C@H](C[C@@H](Cc1ccc(-c2ccccc2)cc1)NC(=O)c1nnn(Cc2ccccc2)n1)C(=O)OCc1ccccc1,14.0,5.5,559.67
CHEMBL2112402,O=C(N[C@H]1CCc2cccc3c2N(C1=O)[C@H](C(=O)O)C3)C(CS)Cc1ccc(-c2ccccc2)cc1,12.0,3.92,500.62
CHEMBL2204326,O=C1N[C@H](C(=O)N2C[C@H](O)C[C@H]2C(=O)O)CCCCCC[C@H]1CS,0.8,0.42,358.46
CHEMBL34369,O=C(O)Cn1ccnc1NC(=O)[C@H](Cc1ccc(-c2ccccc2)cc1)CC(COc1ccccc1)C(=O)O,763.0,4.6,527.58
CHEMBL11297,CC(NC(=O)C(CS)C(C)c1ccc(F)cc1)C(=O)O,2.0,2.06,299.37
CHEMBL2024271,N=C(N)NCCC[C@H](NC(=O)[C@H](CO)NC(=O)CN(Cc1ccccc1)C(=O)[C@H](CCCNC(=N)N)NC(=O)[C@@H](N)CCC(N)=O)C(=O)O,100000.0,-4.33,692.78
CHEMBL2022239,N=C(N)NCCC[C@H](NC(=O)[C@H](CO)NC(=O)C[C@@H](NC(=O)[C@H](CCCNC(=N)N)NC(=O)[C@@H](N)CCC(N)=O)c1ccccc1)C(=O)O,100000.0,-4.12,692.78
CHEMBL2022233,N=C(N)NCCC[C@H](NC(=O)[C@H](CO)NC(=O)[C@H](Cc1cccc(F)c1)NC(=O)[C@H](CCCNC(=N)N)NC(=O)[C@@H](N)CCC(N)=O)C(=O)O,100000.0,-4.5,710.77
CHEMBL315669,O=C(O)[C@H](Cc1ccc(-c2ccccc2)cc1)NC(=O)[C@H](Cc1c[nH]cn1)NCP(=O)(O)O,1000.0,1.52,472.44
CHEMBL51389,O=C(O)CN1C(=O)[C@@H](NC(=O)[C@@H](CS)Cc2ccccc2)COc2ccccc21,0.6,1.77,414.48
CHEMBL66254,O=C(N[C@H]1CCCN2CC[C@@H](C(=O)O)N2C1=O)[C@@H](S)Cc1ccccc1,22.0,0.71,377.47
CHEMBL2171396,COc1cc(C(=O)N[C@@H](CC(=O)O)c2ccccc2C)nn1-c1ccccc1F,1900.0,3.27,397.41
CHEMBL25432,CC(C)C[C@@H](NC(=O)C(S)Cc1ccccc1)C(=O)O,50.0,2.14,295.4
CHEMBL147526,O=C1N[C@H](C(=O)O)CCCCCCc2cccc(c2)C[C@H]1CS,445.0,2.85,335.47
CHEMBL92126,C[C@H](N[C@@H](Cc1ccccc1)C(=O)N[C@@H](Cc1ccc(-c2ccccc2)cc1)C(=O)O)P(=O)(O)O,171.0,3.19,496.5
CHEMBL34541,O=C(O)Cc1csc(NC(=O)[C@H](Cc2ccc(-c3ccccc3)cc2)C[C@@H](COc2ccccc2)C(=O)O)n1,0.69,5.4,544.63
CHEMBL148840,O=C1N[C@H](C(=O)O)CCCCCc2cccc(c2)C[C@H]1CS,1000.0,2.46,321.44
CHEMBL50814,O=C(O)CN1C(=O)C(NC(=O)[C@@H](S)Cc2ccccc2)CCCc2ccccc21,1124.0,2.47,412.51
CHEMBL93562,CC(C)[C@H](NCP(=O)(O)O)C(=O)N[C@@H](CCc1ccccc1)C(=O)O,26.0,0.94,372.36
CHEMBL92676,CC(C)C[C@H](NCP(=O)(O)O)C(=O)N[C@@H](Cc1ccc(-c2ccccc2)cc1)C(=O)O,356.0,2.61,448.46
CHEMBL1829582,O=C(O)CCNC(=O)[C@H](Cc1ccccc1)NCC(=O)O,44000.0,-0.14,294.31
CHEMBL258278,CC(C)CN(C[C@H](O)C(=O)O)C(=O)N[C@@H](Cc1ccc(O)c(O)c1)C(=O)O,19.0,0.21,384.39
CHEMBL4445778,CCOc1nc(CC)c(CNC(=O)[C@@H](CS)CC(C)C)n1Cc1ccc(-c2ccccc2C(=O)O)c(F)c1,79.43,5.61,541.69
CHEMBL299438,O=C(O)CN1C(=O)[C@@H](NC(=O)[C@@H](S)CC2CCCCC2)CCc2ccccc21,4260.0,2.8,404.53
CHEMBL26703,O=C(N[C@@H](Cc1ccccc1)P(=O)(O)CC(Cc1ccccc1)C(=O)NC(Cc1c[nH]cn1)C(=O)O)OCc1ccccc1,10000.0,4.15,618.63
CHEMBL25341,O=C(O)CCNC(=O)C(Cc1ccccc1)CP(=O)(O)[C@H](Cc1ccccc1)NC(=O)OCc1ccccc1,2300.0,4.2,552.56
CHEMBL36753,CSCC[C@H](NC(=O)[C@H](CC#Cc1ccccc1F)NCP(=O)(O)O)C(=O)O,4060.0,0.98,432.41
CHEMBL288837,CC(C)C[C@H](NC(=O)[C@H](CC#Cc1ccccc1)NCP(=O)(O)O)C(=O)O,948.0,1.14,396.38
CHEMBL148840,O=C1N[C@H](C(=O)O)CCCCCc2cccc(c2)C[C@H]1CS,8.0,2.46,321.44
CHEMBL2024269,Cc1ccc(C[C@H](NC(=O)[C@H](CCCNC(=N)N)NC(=O)[C@@H](N)CCC(N)=O)C(=O)N[C@@H](CO)C(=O)N[C@@H](CCCNC(=N)N)C(=O)O)cc1,100000.0,-4.33,706.81
CHEMBL2022234,N=C(N)NCCC[C@H](NC(=O)[C@H](CO)NC(=O)[C@@H](Cc1ccc(F)cc1)NC(=O)[C@H](CCCNC(=N)N)NC(=O)[C@@H](N)CCC(N)=O)C(=O)O,100000.0,-4.5,710.77
CHEMBL329372,CC(C)[C@H](NCP(=O)(O)O)C(=O)N[C@@H](Cc1ccc(-c2ccccc2)cc1)C(=O)N1C[C@H](O)C[C@H]1C(=O)O,12.0,1.18,547.55
CHEMBL211450,CCC[C@@H](CC1(C(=O)Nc2nnc(C)s2)CCCC1)C(=O)O,286.0,3.24,325.43
CHEMBL224670,COCC[C@H](CC1(C(=O)NCCCc2ccc(F)cc2)CCCC1)C(=O)O,4.6,3.56,379.47
CHEMBL4535903,CCCCc1nc(Cl)c(CNC(=O)C(CS)CC(C)C)n1Cc1ccc(-c2ccccc2C(=O)O)cc1,63.1,6.5,542.15
CHEMBL4464191,CCCCc1nc(Cl)c(CNC(=O)[C@@H](CS)CC(C)C)n1Cc1ccc(-c2ccccc2C(=O)O)cc1,63.1,6.5,542.15
CHEMBL4454778,CCCCc1nc(CC)c(CNC(=O)[C@@H](CS)CC(C)C)n1Cc1ccc(-c2ccccc2C(=O)O)cc1,125.89,6.41,535.75
CHEMBL328030,CC(C)Oc1ccc(C[C@H](NC(=O)[C@@H](NCP(=O)(O)O)C(C)C)C(=O)O)cc1,9.0,1.34,416.41
CHEMBL378050,CCCC(CC1(C(=O)N[C@H](C)c2ccccc2)CCCC1)C(=O)O,530.0,4.32,331.46
CHEMBL5272027,CCCCC(=O)N(Cc1ccc(-c2ccccc2-c2nnn[n-]2)cc1)[C@H](C(=O)[O-])C(C)C.CCOC(=O)[C@H](C)C[C@@H](Cc1ccc(-c2ccccc2)cc1)NC(=O)CCC(=O)[O-].O.O.[Na+].[Na+].[Na+],5.0,,949.0
CHEMBL39828,O=C(O)[C@H](CC1CCCCC1)NC(=O)[C@H](CC#Cc1ccc(F)cc1F)NCP(=O)(O)O,2070.0,2.34,472.43
CHEMBL225084,COCC[C@H](CC1(C(=O)NC2(CO)Cc3ccccc3C2)CCCC1)C(=O)O,3.7,2.32,389.49
CHEMBL329666,O=C(O)[C@H](Cc1ccc(-c2ccccc2)cc1)NC(=O)C1(NCP(=O)(O)O)CCCC1,1000.0,2.5,446.44
CHEMBL4078112,CCC[C@H](N[C@@H](CCc1ccccc1)C(=O)O)C(=O)N1C[C@@H](NC(=O)C[C@H](N)Cc2cc(F)c(F)cc2F)C[C@H]1C(=O)O,100000.0,2.38,606.64
CHEMBL329894,CC(C)[C@H](NCP(=O)(O)O)C(=O)N[C@@H](Cc1ccc(-c2ccccc2)cc1)C(=O)N[C@@H](Cc1ccc(O)cc1)C(=O)O,4.0,2.65,597.61
CHEMBL409920,CC(C)CN(C[C@H](O)C(=O)O)C(=O)N[C@@H](Cc1cccc2ccccc12)C(=O)O,9.0,1.95,402.45
CHEMBL367315,O=c1cc(N2CCOCC2)oc2ccccc12,100000.0,1.63,231.25
CHEMBL3677666,C[C@H](C[C@@H](Cc1ccc(-c2ccccc2)cc1)NC(=O)CC(C)(C)C(=O)O)C(=O)O,267.0,3.99,411.5
CHEMBL479579,CC(C)C[C@H](NP(=O)(O)O[C@@H]1O[C@@H](C)[C@H](O)[C@@H](O)[C@H]1O)C(=O)N[C@@H](Cc1c[nH]c2ccccc12)C(=O)O,30.0,0.23,543.51
CHEMBL418959,O=C(O)[C@H](Cc1ccc(-c2ccccc2)cc1)NC(=O)[C@H](Cc1ccc(-c2ccccc2)cc1)NCP(=O)(O)O,20.0,4.47,558.57
CHEMBL366503,C[C@H](OCc1ccccc1)[C@H](NCP(=O)(O)O)C(=O)N[C@@H](Cc1ccc(-c2ccccc2)cc1)C(=O)O,1000.0,3.16,526.53
CHEMBL2029394,N=C(N)NCCC[C@H](NC(=O)[C@H](CO)NC(=O)[C@H](Cc1ccccc1)NC(=O)[C@@H](N)CCCNC(=N)N)C(=O)O,180000.0,-3.39,564.65
CHEMBL150222,O=C1N[C@H](C(=O)O)CCCCc2ccccc2C[C@@H]1CS,0.9,2.07,307.42
CHEMBL326801,CC(=O)SCC(C)C(=O)NCc1ccccc1,20000.0,2.22,251.35
CHEMBL11607,CC(c1ccc(F)c(F)c1)C(CS)C(=O)NC(Cc1ccc(O)cc1)C(=O)O,5.2,3.13,409.45
CHEMBL299441,O=C(O)CCN1C(=O)[C@@H](NC(=O)[C@@H](S)Cc2ccccc2)CSc2ccccc21,2.2,2.63,430.55
CHEMBL28273,CCCCC(NC(=O)C(Cc1ccccc1)CP(=O)(O)[C@H](Cc1ccccc1)NC(=O)OCc1ccccc1)C(=O)O,300.0,5.37,594.65
CHEMBL402569,O=C(O)[C@H](Cc1ccc(O)cc1)NC(=O)N(CC1CCCCC1)C[C@H](O)C(=O)O,1540.0,1.43,408.45
CHEMBL24910,N=C(N)NCCCC(NC(=O)C(Cc1ccccc1)CP(=O)(O)[C@H](Cc1ccccc1)NC(=O)OCc1ccccc1)C(=O)O,800.0,3.44,637.67
CHEMBL282158,O=C(O)CNC(=O)C(Cc1ccccc1)CP(=O)(O)[C@H](Cc1ccccc1)NC(=O)OCc1ccccc1,900.0,3.81,538.54
CHEMBL423574,O=C1N[C@@H](C(=O)O)Cc2ccccc2CCCCCCC[C@@H]1CS,10000.0,3.24,349.5
CHEMBL25154,O=C(O)CCC(NC(=O)C(Cc1ccccc1)CP(=O)(O)[C@H](Cc1ccccc1)NC(=O)OCc1ccccc1)C(=O)O,3000.0,4.05,610.6
CHEMBL146573,O=C1N[C@H](C(=O)O)CCCCCCc2ccccc2C[C@H]1CS,27.0,2.85,335.47
CHEMBL92638,O=C(O)[C@H](Cc1ccc(-c2ccccc2)cc1)NC(=O)[C@@H](NCP(=O)(O)O)C1CCCCC1,34.0,3.14,474.49
CHEMBL433702,O=C1N[C@H](C(=O)O)Cc2ccccc2CCCCCCC[C@@H]1CS,900.0,3.24,349.5
CHEMBL149367,O=C1N[C@@H](C(=O)O)Cc2ccccc2CCCCCC[C@@H]1CS,136.0,2.85,335.47
CHEMBL2112402,O=C(N[C@H]1CCc2cccc3c2N(C1=O)[C@H](C(=O)O)C3)C(CS)Cc1ccc(-c2ccccc2)cc1,15.0,3.92,500.62
CHEMBL1778526,CC(C)CC[C@H](N[C@@H](CCc1ccccc1)C(=O)O)C(=O)N[C@@H](Cc1ccc(-c2ccccc2)cc1)C(=O)O,28.0,4.95,530.67
CHEMBL127545,Oc1ccccc1/C=C/c1ccc2ccccc2n1,100000.0,4.11,247.3
CHEMBL213944,CCCC(CC1(C(=O)Nc2ccc(=O)n(Cc3ccccc3)c2)CCCC1)C(=O)O,313.0,4.29,410.51
CHEMBL225085,COCC[C@H](CC1(C(=O)NCCCc2ccc(Cl)cc2)CCCC1)C(=O)O,5.4,4.08,395.93
CHEMBL37542,O=C(O)[C@H](Cc1ccccc1)NC(=O)[C@H](CC#Cc1ccccc1F)NCP(=O)(O)O,1200.0,1.47,448.39
CHEMBL434492,COCCOC[C@H](CC1(C(=O)N[C@H]2CC[C@@H](C(=O)O)CC2)CCCC1)C(=O)O,7.8,2.06,399.48
CHEMBL1778532,COCC[C@H](NC1(C(=O)N[C@@H](Cc2ncc(-c3ccccc3)o2)C(=O)O)CCCC1)C(=O)O,0.3,1.85,459.5
CHEMBL1778530,CCC[C@H](NC1(C(=O)N[C@@H](Cc2ncc(-c3ccccc3)o2)C(=O)O)CCCC1)C(=O)O,0.6,2.61,443.5
CHEMBL1778534,COCC[C@H](NC1(C(=O)N[C@@H](Cc2ncc(-c3ccc(Cl)cc3)o2)C(=O)O)CCCC1)C(=O)O,0.3,2.5,493.94
CHEMBL299181,C[C@H](NC(=O)[C@@H](CS)Cc1ccccc1)C(=O)N1CCC[C@H]1C(=O)O,6.6,1.36,364.47
CHEMBL10436,O=P(O)(O)C(Cc1cccc2cccnc12)N[C@H](Cc1ccc(-c2ccccc2)cc1)c1nnn[nH]1,,4.03,500.5
CHEMBL4443691,CCCCc1nc(C)c(CNC(=O)[C@@H](S)CC(C)C)n1Cc1ccc(-c2ccccc2C(=O)O)cc1,0.631,5.91,507.7
CHEMBL37820,O=C(O)CC[C@@H](Cc1ccc(-c2ccccc2)cc1)C(=O)Nc1nc(CC(=O)O)cs1,122.0,4.1,438.51
CHEMBL346424,O=C1N[C@H](C(=O)O)CCCCc2ccccc2C[C@H]1CS,7.0,2.07,307.42
CHEMBL147755,O=C1N[C@H](C(=O)O)Cc2ccccc2CCCCCC[C@@H]1CS,67.0,2.85,335.47
CHEMBL357584,O=C1N[C@H](C(=O)O)CCCCCCc2cccc(c2)C[C@@H]1CS,4.0,2.85,335.47
CHEMBL422944,O=C(O)CN1C(=O)[C@@H](NC(=O)[C@H](S)Cc2ccccc2)CCc2ccccc21,14.0,2.08,398.48
CHEMBL147755,O=C1N[C@H](C(=O)O)Cc2ccccc2CCCCCC[C@@H]1CS,67.0,2.85,335.47
CHEMBL27880,O=C(N[C@@H](Cc1ccccc1)P(=O)(O)CC(Cc1ccccc1)C(=O)NC(Cc1ccccc1)C(=O)O)OCc1ccccc1,800.0,5.42,628.66
CHEMBL39777,O=C(O)[C@H](CC#Cc1ccccc1F)NC(=O)[C@H](CC#Cc1ccccc1F)NCP(=O)(O)O,6300.0,1.81,490.4
CHEMBL2022235,N=C(N)NCCC[C@H](NC(=O)[C@H](CO)NC(=O)[C@H](Cc1ccc(Cl)cc1)NC(=O)[C@H](CCCNC(=N)N)NC(=O)[C@@H](N)CCC(N)=O)C(=O)O,70000.0,-3.98,727.22
CHEMBL2022225,N=C(N)NCCC[C@H](NC(=O)[C@H](CO)NC(=O)[C@H](Cc1ccccc1)NC(=O)[C@H](CCCNC(=N)N)NC(=O)[C@@H](N)CCC(N)=O)C(=O)O,30000.0,-4.64,692.78
CHEMBL289150,CC(C)C[C@H](NC(=O)[C@H](CC#Cc1ccc(F)cc1F)NCP(=O)(O)O)C(=O)O,6700.0,1.42,432.36
CHEMBL39812,O=C(O)[C@H](CC#Cc1ccc(F)cc1F)NCP(=O)(O)O,26000.0,0.88,319.2
CHEMBL290256,CC(C)C[C@H](NC(=O)[C@H](CC#Cc1ccccc1F)NCP(=O)(O)O)C(=O)O,8600.0,1.28,414.37
CHEMBL4090635,CCCC[C@H](N[C@@H](CCc1ccccc1)C(=O)O)C(=O)N1C[C@@H](NC(=O)C[C@H](N)Cc2cc(F)c(F)cc2F)C[C@H]1C(=O)O,100000.0,2.77,620.67
CHEMBL40028,O=P(O)(O)CN[C@@H](CC#Cc1ccccc1F)c1nnn[nH]1,14.0,0.55,325.24
CHEMBL3695451,C[C@H](N[C@@H](Cc1ccc(-c2cccc(Cl)c2)cc1)C(=O)Nc1cc(O)no1)C(=O)O,2.4,3.31,429.86
CHEMBL37078,O=C(NCCc1ccc2ccccc2c1)[C@H](CC#Cc1ccc(F)cc1F)NCP(=O)(O)O,7000.0,3.31,472.43
CHEMBL3695450,C[C@H](N[C@@H](Cc1ccc(-c2ccccc2)cc1)C(=O)NC1=NNNN1)C(=O)O,11.0,0.33,382.42
CHEMBL2029398,N=C(N)NCCC[C@H](NC(=O)[C@H](CO)NC(=O)[C@H](Cc1ccccc1)NC(=O)[C@H](CCCNC(=N)N)NC(=O)[C@H](CCC(N)=O)NC(=O)[C@@H](N)Cc1ccccc1)C(=O)O,51000.0,-3.91,839.96
CHEMBL285619,O=P(O)(O)C(CCc1cccc2ccccc12)N[C@@H](Cc1ccc(-c2ccccc2)cc1)c1nnn[nH]1,5.0,5.03,513.54
CHEMBL211314,CCCC(CC1(C(=O)Nc2cc(C)ccn2)CCCC1)C(=O)O,2000.0,3.78,318.42
CHEMBL2111596,O=C(N[C@@H]1CCc2cccc3c2N(C1=O)[C@H](C(=O)O)C3)[C@@H](S)Cc1ccccc1,1000.0,2.0,410.5
CHEMBL204593,Cc1cc(S(=O)(=O)N[C@@H](C(=O)NO)C2CCOCC2)ccc1F,9400.0,0.71,346.38
CHEMBL273748,CC(c1ccccc1)C(CS)C(=O)NCC(=O)O,1.3,1.54,267.35
CHEMBL290698,O=P(O)(O)CN[C@@H](Cc1ccc(-c2ccccc2)cc1)c1nn[nH]n1,1.0,1.88,359.33
CHEMBL289348,CC(C[C@@H](Cc1ccc(-c2ccccc2)cc1)C(=O)Nc1nc(CC(=O)O)cs1)C(=O)O,58.0,4.35,452.53
CHEMBL301751,O=C(O)CCN1C(=O)[C@@H](NC(=O)[C@@H](S)Cc2ccccc2)COc2ccccc21,1.2,1.91,414.48
CHEMBL308333,CCCCC[C@H](CC(=O)NO)C(=O)N[C@H](C(=O)N1CCC[C@H]1CO)C(C)C,6700.0,1.2,385.51
CHEMBL267766,CCC(c1ccccc1)C(CS)C(=O)NC(Cc1ccc(O)cc1)C(=O)O,2.4,3.24,387.5
CHEMBL316595,O=C(O)[C@@H]1Cc2cccc3c2N1C(=O)C(NC(=O)C1(S)Cc2ccccc2C1)CC3,505.0,1.93,422.51
CHEMBL40168,O=C(NCCc1ccc(-c2ccccc2)cc1)[C@H](CC#Cc1ccc(F)cc1F)NCP(=O)(O)O,2500.0,3.83,498.47
CHEMBL3221959,COC(=O)C(CC(C)C)C(=O)N[C@@H](CO)C(=O)O,50118.72,-0.62,261.27
CHEMBL17107,O=C(O)CNC(=O)C(Cc1ccccc1)C(=O)NO,15.0,-0.45,266.25
CHEMBL52733,C[C@H]1Oc2ccccc2N(CCC(=O)O)C(=O)[C@H]1NC(=O)[C@@H](S)Cc1ccccc1,83.0,2.3,428.51
CHEMBL91218,C[C@H](NCP(=O)(O)O)C(=O)N[C@@H](Cc1ccc(-c2ccccc2)cc1)C(=O)O,1000.0,1.58,406.38
CHEMBL91399,Cc1ccccc1C[C@H](NCP(=O)(O)O)C(=O)N[C@@H](Cc1ccc(-c2ccccc2)cc1)C(=O)O,96.0,3.11,496.5
CHEMBL51576,O=C(O)CN1Cc2ccccc2C[C@H](NC(=O)[C@@H](S)Cc2ccccc2)C1=O,175.0,1.68,398.48
CHEMBL27273,CC(C)C(NC(=O)C(Cc1ccccc1)CP(=O)(O)[C@H](Cc1ccccc1)NC(=O)OCc1ccccc1)C(=O)O,100000.0,4.84,580.62
CHEMBL289130,O=C(O)C(COc1ccccc1)C[C@@H](Cc1ccc(-c2ccccc2)cc1)C(=O)Nc1nn[nH]n1,7.4,3.83,471.52
CHEMBL417034,O=C(O)CN1NCCC[C@H](NC(=O)[C@@H](S)Cc2ccccc2)C1=O,486.0,0.22,351.43
CHEMBL39887,O=C(O)[C@H](Cc1ccc2ccccc2c1)NC(=O)[C@H](CC#Cc1ccccc1F)NCP(=O)(O)O,1300.0,2.63,498.45
CHEMBL11236,CC(c1ccccc1)C(CS)C(=O)NC(COCc1ccccc1)C(=O)O,4.0,3.12,387.5
CHEMBL275690,CCCC(NC(=O)C(CS)C(C)c1ccccc1)C(=O)O,4.0,2.71,309.43
CHEMBL62417,CCCN1C(=O)CC[C@H](NC(=O)[C@@H](S)Cc2ccccc2)C(=O)N1CC(=O)O,1922.0,0.87,407.49
CHEMBL287971,CC(C)CCNC(=O)[C@H](CC#Cc1ccc(F)cc1F)NCP(=O)(O)O,23000.0,1.96,388.35
CHEMBL275222,O=P(O)(O)C(N[C@H](Cc1ccc(-c2ccccc2)cc1)c1nnn[nH]1)c1cccc2ccccc12,,4.77,485.48
CHEMBL3145346,O=C(O)CC(NC(=O)c1cc(=O)n(-c2ccccc2)[nH]1)c1cccc(Cl)c1Cl,60.0,3.42,420.25
CHEMBL6915,CCC(NC(=O)C(CS)C(C)c1ccccc1)C(=O)O,6.3,2.32,295.4
CHEMBL1422,N[C@@H](CC(=O)N1CCn2c(nnc2C(F)(F)F)C1)Cc1cc(F)c(F)cc1F,100000.0,2.02,407.32
CHEMBL434208,CC(C)C[C@H](NC(=O)[C@H](CC#Cc1cccc(F)c1)NCP(=O)(O)O)C(=O)O,407.0,1.28,414.37
CHEMBL255568,CC(C)CN(C[C@H](O)C(=O)O)C(=O)N[C@@H](Cc1c[nH]c2ccccc12)C(=O)O,8.0,1.28,391.42
CHEMBL209441,CCCC(CC1(C(=O)N(C)c2ccc(=O)n(Cc3ccccc3)c2)CCCC1)C(=O)O,10000.0,4.31,424.54
CHEMBL379312,CCCC(CC1(C(=O)Nc2ncccc2CC)CCCC1)C(=O)O,1710.0,4.03,332.44
CHEMBL378762,CCC[C@H](CC1(C(=O)Nc2nnc(C)s2)CCCC1)C(=O)O,114.0,3.24,325.43
CHEMBL211943,CCCC(CC1(C(=O)Nc2ccc(OC)nn2)CCCC1)C(=O)O,374.0,2.88,335.4
CHEMBL42583,CS(=O)(=O)N[C@@H](CCCCN)C(=O)NC[C@H](CC1(C(=O)N[C@@H](Cc2ccc(O)cc2)C(=O)O)CCCC1)C(=O)O,8.0,0.32,584.69
CHEMBL305108,O=C(N[C@H]1CCC(=O)N2CC[C@@H](C(=O)O)N2C1=O)[C@@H](S)Cc1ccccc1,140.0,0.24,391.45
CHEMBL37052,O=C(O)[C@H](Cc1ccc(-c2ccccc2)cc1)NC(=O)[C@H](CC#Cc1ccccc1F)NCP(=O)(O)O,250.0,3.14,524.49
CHEMBL329464,O=C(O)[C@H](Cc1ccc(-c2ccccc2)cc1)NC(=O)[C@H](Cc1ccc(Cl)cc1)NCP(=O)(O)O,338.0,3.46,516.92
CHEMBL192441,CC(C)OC(=O)N1C[C@H](S)CC1CNCc1cc(F)ccc1F,100000.0,2.97,344.43
CHEMBL2029397,C[C@@H](O)[C@H](NC(=O)[C@H](Cc1ccccc1)NC(=O)[C@H](CCCNC(=N)N)NC(=O)[C@@H](N)CCC(N)=O)C(=O)N[C@@H](CCCNC(=N)N)C(=O)O,100000.0,-4.25,706.81
CHEMBL1829587,O=C(O)[C@H](CCc1ccccc1)N[C@@H](Cc1ccc(-c2ccccc2)cc1)C(=O)O,420.0,4.02,403.48
CHEMBL196902,O=C(O)CCNC(=O)C(CS)Cc1ccccc1,9.4,1.37,267.35
CHEMBL50315,O=C(O)CN1C(=O)[C@H](NC(=O)[C@@H](S)Cc2ccccc2)CCc2ccccc21,560.0,2.08,398.48
CHEMBL10247,O=C(O)CNC(=O)C(CS)Cc1ccccc1,1.0,0.98,253.32
CHEMBL1829585,C[C@@H](CNC(=O)[C@H](Cc1ccc(-c2ccccc2)cc1)N[C@@H](CCc1ccccc1)C(=O)O)C(=O)O,0.51,3.78,488.58
CHEMBL3677663,C[C@H](C[C@@H](Cc1ccc(-c2ccccc2)cc1)NC(=O)c1cc(C(=O)O)ncn1)C(=O)O,1.0,3.29,433.46
CHEMBL26814,O=C(O)CC(NC(=O)C(Cc1ccccc1)CP(=O)(O)[C@H](Cc1ccccc1)NC(=O)OCc1ccccc1)C(=O)O,800.0,3.66,596.57
CHEMBL3633455,CC(=O)N[C@H]1[C@@H](O[C@H](C)[C@H](NC(=O)[C@H](Cc2ccccc2)NC(=O)[C@H](CCCNC(=N)N)NC(=O)[C@@H](N)CCC(N)=O)C(=O)N[C@@H](CCCNC(=N)N)C(=O)O)O[C@H](CO)[C@@H](O)[C@@H]1O,100000.0,-6.28,910.0
CHEMBL377618,CCCC(CC1(C(=O)NCc2nnc(C)s2)CCCC1)C(=O)O,700.0,2.91,339.46
CHEMBL379935,CCCC(CC1(C(=O)Nc2nnc(Cc3ccccc3)s2)CCCC1)C(=O)O,30.0,4.52,401.53
CHEMBL213964,CCCC(CC1(C(=O)Nc2nnc(CC(C)C)s2)CCCC1)C(=O)O,124.0,4.13,367.52
CHEMBL4474653,O=C(O)CCC(=O)N[C@@H](CC(=O)O)Cc1ccc(-c2ccccc2Cl)cc1,8.0,3.37,389.84
CHEMBL4568947,O=C(O)CCC(=O)N[C@@H](CC(=O)O)Cc1ccc(-c2cccc([N+](=O)[O-])c2)cc1,26.0,2.63,400.39
CHEMBL4459630,O=C(O)CCC(=O)N[C@@H](CC(=O)O)Cc1ccc(-c2cc(F)cc(Cl)c2)cc1,54.0,3.51,407.83
CHEMBL2171392,Cc1ccccc1[C@H](CC(=O)O)NC(=O)c1cc(OC[C@H](O)C(C)(C)C)n(-c2ccccc2F)n1,1000.0,4.05,483.54
CHEMBL4548017,COc1c(Cl)cccc1-c1ccc(C[C@H](CC(=O)O)NC(=O)CCC(=O)O)cc1,4182.0,3.38,419.86
CHEMBL3145333,O=C(O)CC(NC(=O)c1cc(=O)n(-c2ccc(Cl)cc2)[nH]1)c1cc(Cl)ccc1Cl,300.0,4.07,454.7
CHEMBL423574,O=C1N[C@@H](C(=O)O)Cc2ccccc2CCCCCCC[C@@H]1CS,10000.0,3.24,349.5
CHEMBL1794047,C[C@H](O)[C@@H](NC(=O)C(Cc1ccccc1)CP(=O)(O)[C@H](Cc1ccccc1)NC(=O)OCc1ccccc1)C(=O)O,100000.0,3.56,582.59
CHEMBL3890914,O=C(O)C[C@@H](Cc1ccc(-c2cc(Cl)ccc2F)cc1)NC(=O)CCP(=O)(O)O,0.11,3.22,443.8
CHEMBL27111,NCCCCC(NC(=O)C(Cc1ccccc1)CP(=O)(O)[C@H](Cc1ccccc1)NC(=O)OCc1ccccc1)C(=O)O,100000.0,4.31,609.66
CHEMBL357311,O=C1N[C@H](C(=O)O)CCCCCc2ccccc2C[C@H]1CS,4.0,2.46,321.44
CHEMBL3633450,N=C(N)NCCC[C@H](NC(=O)[C@@H](N)CCC(N)=O)C(=O)N[C@@H](Cc1ccccc1)C(=O)N[C@@H](CO)C(=O)N[C@@H](CCCCN)C(=O)O,35000.0,-3.77,664.76
CHEMBL39997,O=C(NCCc1ccccc1)[C@H](CC#Cc1ccccc1F)NCP(=O)(O)O,19000.0,2.02,404.38
CHEMBL66481,O=C(N[C@H]1CCC(=O)N2CCC[C@@H](C(=O)O)N2C1=O)[C@@H](S)Cc1ccccc1,16.0,0.63,405.48
CHEMBL10055,O=P(O)(O)C(Cc1cccc2c1OCO2)N[C@H](Cc1ccc(-c2ccccc2)cc1)c1nnn[nH]1,,3.22,493.46
CHEMBL10247,O=C(O)CNC(=O)C(CS)Cc1ccccc1,1.3,0.98,253.32
CHEMBL327799,C[C@H](O)[C@H](NCP(=O)(O)O)C(=O)N[C@@H](Cc1ccc(-c2ccccc2)cc1)C(=O)O,1000.0,0.94,436.4
CHEMBL3221955,COC(=O)[C@@H](CC(=O)N[C@@H](CO)C(=O)O)CC(C)C,1000000.0,-0.23,275.3
CHEMBL319744,O=C(NC1CCc2cccc3c2N(C1=O)[C@H](C(=O)O)C3)[C@@H](S)Cc1ccc(-c2ccccc2)cc1,1000.0,3.67,486.59
CHEMBL54036,O=C(O)CN1C(=O)[C@@H](NC(=O)[C@@H](S)Cc2ccccc2)COc2ccccc21,3.1,1.52,400.46
CHEMBL420253,O=C(O)[C@H](Cc1ccc(-c2ccccc2)cc1)NC(=O)[C@H](Cc1ccc(O)cc1)NCP(=O)(O)O,226.0,2.51,498.47
CHEMBL415932,CC(C)C[C@H](S)C(=O)N[C@H]1CCc2ccccc2N(CC(=O)O)C1=O,7.0,1.88,364.47
CHEMBL28153,O=C(O)CC[C@@H](NC(=O)C(Cc1ccccc1)CP(=O)(O)[C@H](Cc1ccccc1)NC(=O)OCc1ccccc1)C(=O)O,100000.0,4.05,610.6
CHEMBL3221965,CC(C)C[C@@H](CC(=O)O)C(=O)N[C@@H](CO)C(=O)O,63.1,-0.31,261.27
CHEMBL2029397,C[C@@H](O)[C@H](NC(=O)[C@H](Cc1ccccc1)NC(=O)[C@H](CCCNC(=N)N)NC(=O)[C@@H](N)CCC(N)=O)C(=O)N[C@@H](CCCNC(=N)N)C(=O)O,100000.0,-4.25,706.81
CHEMBL3633449,N=C(N)NCCC[C@H](NC(=O)[C@H](CO)NC(=O)[C@H](Cc1ccccc1)NC(=O)[C@H](CCCCN)NC(=O)[C@@H](N)CCC(N)=O)C(=O)O,50000.0,-3.77,664.76
CHEMBL3633454,CC(=O)N[C@H]1[C@H](OC[C@H](NC(=O)[C@H](Cc2ccccc2)NC(=O)[C@H](CCCNC(=N)N)NC(=O)[C@@H](N)CCC(N)=O)C(=O)N[C@@H](CCCNC(=N)N)C(=O)O)O[C@H](CO)[C@@H](O)[C@@H]1O,100000.0,-6.67,895.97
CHEMBL268761,O=P(O)(O)C(Cc1cccc2cccnc12)N[C@@H](Cc1ccc(-c2ccccc2)cc1)c1nnn[nH]1,1.46,4.03,500.5
CHEMBL3677669,C[C@H](C[C@@H](Cc1ccc(-c2ccccc2)cc1)NC(=O)NCC(=O)O)C(=O)O,93.0,2.76,384.43
CHEMBL3677670,C[C@H](C[C@@H](Cc1ccc(-c2ccccc2)cc1)NC(=O)n1ccc(C(=O)O)n1)C(=O)O,142.0,3.53,421.45
CHEMBL50480,C[C@H](S)C(=O)N[C@H]1CCc2ccccc2N(CC(=O)O)C1=O,1850.0,0.85,322.39
CHEMBL273672,CC(c1ccc(N)cc1)C(CS)C(=O)NC(Cc1ccc(O)cc1)C(=O)O,16.0,2.44,388.49
CHEMBL299639,O=C(O)CN1C(=O)[C@@H](NC(=O)[C@@H](S)Cc2ccccc2)CCc2ccccc21,6.0,2.08,398.48
CHEMBL9963,O=P(O)(O)C(Cc1cccc2ccccc12)N[C@H](Cc1ccc(-c2ccccc2)cc1)c1nnn[nH]1,8.8,4.64,499.51
CHEMBL193490,O=C(S[C@@H]1C[C@@H](COCc2cc(F)c(F)cc2F)N(C(=O)Oc2cccc3c2OCCO3)C1)c1ccccc1,100000.0,5.61,559.56
CHEMBL2171393,CC(C)(C)[C@@H](O)COc1cc(C(=O)N[C@@H](CC(=O)O)c2ccc(Cl)cc2Cl)nn1-c1ccccc1F,1000.0,5.05,538.4
CHEMBL212409,CCCC(CC1(NC(=O)C2Cc3ccccc3C2)CCCC1)C(=O)O,3000.0,3.72,343.47
CHEMBL290332,O=C(NCCCc1ccccc1)[C@H](CC#Cc1ccc(F)cc1F)NCP(=O)(O)O,640.0,2.55,436.4
CHEMBL329474,O=C(NC1CCc2cccc3c2N(C1=O)[C@H](C(=O)O)C3)[C@@H](S)C1CCCCC1,1000.0,2.34,402.52
CHEMBL257416,CCC(CC)CN(C[C@H](O)C(=O)O)C(=O)N[C@@H](Cc1ccc2ccccc2c1)C(=O)O,36.0,2.73,430.5
CHEMBL65545,O=C(N[C@H]1CCCN2CCC[C@@H](C(=O)O)N2C1=O)[C@@H](S)Cc1ccccc1,3.0,1.1,391.49
CHEMBL357311,O=C1N[C@H](C(=O)O)CCCCCc2ccccc2C[C@H]1CS,4.0,2.46,321.44
CHEMBL2112403,O=C(N[C@H]1CCc2cccc3c2N(C1=O)[C@H](C(=O)O)C3)[C@@H](S)Cc1ccccc1,48.0,2.0,410.5
CHEMBL90545,CC[C@@H](C)[C@H](NCP(=O)(O)O)C(=O)N[C@@H](Cc1ccc(-c2ccccc2)cc1)C(=O)O,2.0,2.61,448.46
CHEMBL92326,O=C(O)[C@H](Cc1ccc(-c2ccccc2)cc1)NC(=O)[C@H](Cc1ccc2ccccc2c1)NCP(=O)(O)O,282.0,3.95,532.53
CHEMBL2171398,Cc1ccccc1[C@H](CC(=O)O)NC(=O)c1cc(OCC2CC2)n(-c2ccccc2F)n1,27000.0,4.05,437.47
CHEMBL99861,O=C(O)[C@@H]1Cc2cccc3c2N1C(=O)C(NC(=O)C1(S)CCCC1)CC3,1000.0,1.7,374.46
CHEMBL257251,CC(C)CN(CCP(=O)(O)O)C(=O)N[C@@H](Cc1ccc2ccccc2c1)C(=O)O,6.0,2.68,422.42
CHEMBL273142,CC(C)(C)CN(C[C@H](O)C(=O)O)C(=O)N[C@@H](Cc1ccc2ccccc2c1)C(=O)O,5.0,2.34,416.47
CHEMBL2024267,N=C(N)NCCC[C@H](NC(=O)[C@H](CO)NC(=O)[C@@H](NC(=O)[C@H](CCCNC(=N)N)NC(=O)[C@@H](N)CCC(N)=O)c1ccccc1)C(=O)O,100000.0,-4.51,678.75
CHEMBL322069,CC(=O)SCC(C)C(=O)Nc1ccccc1,20000.0,2.54,237.32
CHEMBL298647,O=C(CN1Cc2c(Cl)cccc2NC1=O)NO,100000.0,1.19,255.66
CHEMBL378763,CCC[C@H](CC1(C(=O)Nc2nnc(CC)s2)CCCC1)C(=O)O,31.8,3.49,339.46
CHEMBL224670,COCC[C@H](CC1(C(=O)NCCCc2ccc(F)cc2)CCCC1)C(=O)O,12.6,3.56,379.47
CHEMBL212572,CCCC(CC1(C(=O)Nc2nnc(CC)s2)CCCC1)C(=O)O,60.0,3.49,339.46
CHEMBL42583,CS(=O)(=O)N[C@@H](CCCCN)C(=O)NC[C@H](CC1(C(=O)N[C@@H](Cc2ccc(O)cc2)C(=O)O)CCCC1)C(=O)O,0.6,0.32,584.69
CHEMBL212771,CCCC(CC1(C(=O)Nc2cc(Cc3ccccc3)ccn2)CCCC1)C(=O)O,96.0,5.06,394.52
CHEMBL53879,C[C@H]1Oc2ccccc2N(CC(=O)O)C(=O)[C@H]1NC(=O)[C@@H](S)Cc1ccccc1,118.0,1.91,414.48
CHEMBL11227,CC(c1ccc(O)cc1)C(CS)C(=O)NC(Cc1ccc(O)cc1)C(=O)O,9.0,2.56,389.47
CHEMBL147185,O=C1N[C@H](C(=O)O)CCCCCc2cccc(c2)C[C@@H]1CS,8.0,2.46,321.44
CHEMBL278754,O=C(N[C@@H](Cc1ccccc1)P(=O)(O)CC(Cc1ccccc1)C(=O)NC(Cc1ccc(O)cc1)C(=O)O)OCc1ccccc1,2300.0,5.13,644.66
CHEMBL27110,CC(C)CC(NC(=O)C(Cc1ccccc1)CP(=O)(O)[C@H](Cc1ccccc1)NC(=O)OCc1ccccc1)C(=O)O,7000.0,5.23,594.65
CHEMBL299639,O=C(O)CN1C(=O)[C@@H](NC(=O)[C@@H](S)Cc2ccccc2)CCc2ccccc21,6.0,2.08,398.48
CHEMBL146936,O=C(O)[C@H](Cc1ccc2c(c1)oc1ccccc12)NCP(=O)(O)O,2300.0,2.31,349.28
CHEMBL213240,CCCC(CC1(C(=O)N[C@H]2CC[C@@H](C(=O)N(C)C)CC2)CCCC1)C(=O)O,370.0,3.2,380.53
CHEMBL1829586,Cc1ccc(C[C@H](N[C@@H](CCc2ccccc2)C(=O)O)C(=O)NC[C@H](C)C(=O)O)cc1,430.0,2.42,426.51
CHEMBL211897,CCCNc1ccnc(NC(=O)C2(CC(CCC)C(=O)O)CCCC2)n1,2000.0,3.69,362.47
CHEMBL4439270,CC(C)(C[C@@H](Cc1ccc(-c2ccccc2)cc1)NC(=O)CCC(=O)O)C(=O)O,20.0,3.75,397.47
CHEMBL4557208,Cc1cccc(-c2ccc(C[C@H](CC(=O)O)NC(=O)CCC(=O)O)cc2)c1,1.6,3.03,369.42
CHEMBL4465277,O=C(O)CCC(=O)N[C@@H](CC(=O)O)Cc1ccc(-c2ccc(F)cc2)cc1,1500.0,2.86,373.38
CHEMBL2022225,N=C(N)NCCC[C@H](NC(=O)[C@H](CO)NC(=O)[C@H](Cc1ccccc1)NC(=O)[C@H](CCCNC(=N)N)NC(=O)[C@@H](N)CCC(N)=O)C(=O)O,30000.0,-4.64,692.78
CHEMBL208888,CCCC(CC1(C(=O)Nc2cn(CC)nn2)CCCC1)C(=O)O,82.0,2.69,322.41
CHEMBL479579,CC(C)C[C@H](NP(=O)(O)O[C@@H]1O[C@@H](C)[C@H](O)[C@@H](O)[C@H]1O)C(=O)N[C@@H](Cc1c[nH]c2ccccc12)C(=O)O,2.0,0.23,543.51
CHEMBL417326,O=C(O)Cc1c[nH]c(NC(=O)[C@H](Cc2ccc(-c3ccccc3)cc2)CC(COc2ccccc2)C(=O)O)n1,218.0,4.67,527.58
CHEMBL149841,O=C1N[C@H](C(=O)O)CCCCCCc2ccccc2C[C@@H]1CS,224.0,2.85,335.47
CHEMBL225084,COCC[C@H](CC1(C(=O)NC2(CO)Cc3ccccc3C2)CCCC1)C(=O)O,10.0,2.32,389.49
CHEMBL51498,O=C(O)CN1C(=O)[C@@H](NC(=O)[C@@H](CS)Cc2ccccc2)CCc2ccccc21,2.1,2.32,412.51
CHEMBL212374,CCCC(CC1(c2nnc(-c3ccc(=O)n(Cc4ccccc4)c3)o2)CCCC1)C(=O)O,1139.0,4.65,435.52
CHEMBL299639,O=C(O)CN1C(=O)[C@@H](NC(=O)[C@@H](S)Cc2ccccc2)CCc2ccccc21,6.1,2.08,398.48
CHEMBL10247,O=C(O)CNC(=O)C(CS)Cc1ccccc1,7.9,0.98,253.32
CHEMBL278754,O=C(N[C@@H](Cc1ccccc1)P(=O)(O)CC(Cc1ccccc1)C(=O)NC(Cc1ccc(O)cc1)C(=O)O)OCc1ccccc1,1000.0,5.13,644.66
CHEMBL342091,O=C1N[C@H](C(=O)O)CCCCCc2ccccc2C[C@@H]1CS,3.0,2.46,321.44
CHEMBL27273,CC(C)C(NC(=O)C(Cc1ccccc1)CP(=O)(O)[C@H](Cc1ccccc1)NC(=O)OCc1ccccc1)C(=O)O,3000.0,4.84,580.62
CHEMBL24923,CC(C)[C@@H](NC(=O)C(Cc1ccccc1)CP(=O)(O)[C@H](Cc1ccccc1)NC(=O)OCc1ccccc1)C(=O)O,100000.0,4.84,580.62
CHEMBL282118,O=C(N[C@@H](Cc1ccccc1)P(=O)(O)CC(Cc1ccccc1)C(=O)N[C@H](Cc1ccccc1)C(=O)O)OCc1ccccc1,60000.0,5.42,628.66
CHEMBL10247,O=C(O)CNC(=O)C(CS)Cc1ccccc1,5.0,0.98,253.32
CHEMBL27164,CC(NC(=O)C(Cc1ccccc1)CP(=O)(O)[C@H](Cc1ccccc1)NC(=O)OCc1ccccc1)C(=O)O,300.0,4.2,552.56
CHEMBL1560,C[C@H](CS)C(=O)N1CCC[C@H]1C(=O)O,830000.0,0.63,217.29
CHEMBL328463,O=C(O)[C@H](Cc1ccc(-c2ccccc2)cc1)NC(=O)[C@H](Cc1ccc2c(c1)OCO2)NCP(=O)(O)O,48.0,2.53,526.48
CHEMBL3633452,N=C(N)NCCC[C@H](NC(=O)[C@@H](N)CCC(N)=O)C(=O)N[C@@H](Cc1ccccc1)C(=O)N[C@@H](CO)C(=O)N[C@@H](CCCNC(N)=O)C(=O)O,100000.0,-4.45,693.76
CHEMBL3633453,CC(=O)N[C@H]1[C@@H](OC[C@H](NC(=O)[C@H](Cc2ccccc2)NC(=O)[C@H](CCCNC(=N)N)NC(=O)[C@@H](N)CCC(N)=O)C(=O)N[C@@H](CCCNC(=N)N)C(=O)O)O[C@H](CO)[C@@H](O)[C@@H]1O,100000.0,-6.67,895.97
CHEMBL34427,O=C(O)Cc1csc(NC(=O)[C@H](Cc2ccc(-c3ccccc3)cc2)C[C@H](COc2ccccc2)C(=O)O)n1,3.3,5.4,544.63
CHEMBL3221961,COC(=O)[C@H](CC(C)C)NC(=O)N[C@@H](CO)C(=O)O,1000000.0,-0.68,276.29
CHEMBL3221962,COC(=O)[C@H](CC(C)C)NC(=O)N[C@H](CO)C(=O)O,1000000.0,-0.68,276.29
CHEMBL3221963,CC(C)C[C@@H](CC(=O)N[C@@H](CO)C(=O)O)C(=O)O,794.33,-0.31,261.27
CHEMBL3221964,CC(C)C[C@H](CC(=O)N[C@@H](CO)C(=O)O)C(=O)O,1000000.0,-0.31,261.27
CHEMBL37861,O=C(NCc1ccccc1)[C@H](CC#Cc1ccccc1F)NCP(=O)(O)O,55000.0,1.98,390.35
CHEMBL1778535,COCC[C@H](NC1(C(=O)N[C@@H](Cc2nnc(-c3ccccc3)o2)C(=O)O)CCCC1)C(=O)O,6.0,1.24,460.49
CHEMBL299169,O=C(O)CN1CCCC[C@H](NC(=O)[C@@H](S)Cc2ccccc2)C1=O,82.0,1.11,350.44
CHEMBL2062138,COCCOCC(CC1(C(=O)N[C@H]2CC[C@@H](C(=O)O)CC2)CCCC1)C(=O)Oc1ccc2c(c1)CCC2,65.0,4.07,515.65
CHEMBL37539,O=C(O)CNC(=O)[C@H](Cc1ccc(-c2ccccc2)cc1)C[C@H](COc1ccccc1)C(=O)O,5.9,3.88,461.51
CHEMBL2022228,C[C@H](NC(=O)[C@H](CCCNC(=N)N)NC(=O)[C@@H](N)CCC(N)=O)C(=O)N[C@@H](CO)C(=O)N[C@@H](CCCNC(=N)N)C(=O)O,100000.0,-5.86,616.68
CHEMBL2022237,N=C(N)NCCC[C@H](NC(=O)[C@H](CO)NC(=O)[C@H](Cc1c(F)c(F)c(F)c(F)c1F)NC(=O)[C@H](CCCNC(=N)N)NC(=O)[C@@H](N)CCC(N)=O)C(=O)O,100000.0,-3.94,782.73
CHEMBL346424,O=C1N[C@H](C(=O)O)CCCCc2ccccc2C[C@H]1CS,7.0,2.07,307.42
CHEMBL149841,O=C1N[C@H](C(=O)O)CCCCCCc2ccccc2C[C@@H]1CS,27.0,2.85,335.47
CHEMBL290304,NCCc1c(NC(=O)[C@H](CC#Cc2ccccc2F)NCP(=O)(O)O)[nH]c2ccccc12,10000.0,2.28,458.43
CHEMBL289638,O=C(NCCc1ccccc1)[C@H](CC#Cc1ccc(F)cc1F)NCP(=O)(O)O,15000.0,2.16,422.37
CHEMBL27111,NCCCCC(NC(=O)C(Cc1ccccc1)CP(=O)(O)[C@H](Cc1ccccc1)NC(=O)OCc1ccccc1)C(=O)O,100000.0,4.31,609.66
CHEMBL51780,O=C(O)CN1C(=O)[C@@H](NC(=O)[C@@H](CS)Cc2ccccc2)CSc2ccccc21,1.0,2.48,430.55
CHEMBL147847,CC(C)C[C@H](NC(=O)[C@H](CC#Cc1ccc(F)cc1F)NCP(=O)(O)O)C(=O)N[C@@H](C)C(=O)O,5800.0,0.92,503.44
CHEMBL479579,CC(C)C[C@H](NP(=O)(O)O[C@@H]1O[C@@H](C)[C@H](O)[C@@H](O)[C@H]1O)C(=O)N[C@@H](Cc1c[nH]c2ccccc12)C(=O)O,30.0,0.23,543.51
CHEMBL379950,CCCC(CC1(c2nnc(Cc3ccccc3)o2)CCCC1)C(=O)O,3100.0,4.36,342.44
CHEMBL379563,CCCC(CC1(C(=O)Nc2nnc(-c3ccccc3)s2)CCCC1)C(=O)O,283.0,4.6,387.51
CHEMBL209493,CCCC(CC1(C(=O)Nc2nnc(C)s2)CCCC1)C(=O)O,176.0,3.24,325.43
CHEMBL3677674,C[C@H](C[C@@H](Cc1ccc(-c2cccc(Cl)c2)cc1)NC(=O)c1ccc(C(=O)O)o1)C(=O)O,0.3,4.75,455.89
CHEMBL2022231,N=C(N)NCCC[C@H](NC(=O)[C@H](CO)NC(=O)[C@H](Cc1ccccc1F)NC(=O)[C@H](CCCNC(=N)N)NC(=O)[C@@H](N)CCC(N)=O)C(=O)O,48000.0,-4.5,710.77
CHEMBL2021931,N=C(N)NCCC[C@H](NC(=O)[C@H](CO)NC(=O)[C@H](Cc1ccc(F)cc1)NC(=O)[C@H](CCCNC(=N)N)NC(=O)[C@@H](N)CCC(N)=O)C(=O)O,100000.0,-4.5,710.77
CHEMBL2022238,N=C(N)NCCC[C@H](NC(=O)[C@H](CO)NC(=O)[C@@H](Cc1ccccc1)NC(=O)[C@H](CCCNC(=N)N)NC(=O)[C@@H](N)CCC(N)=O)C(=O)O,100000.0,-4.64,692.78
CHEMBL425383,Cc1ccc(S(=O)(=O)N(C)NC(=O)C2C[C@@H](S)CN2S(=O)(=O)c2ccc3ccccc3c2)cc1,39200.0,2.56,519.67
CHEMBL2022229,C[C@H](NC(=O)[C@H](Cc1ccccc1)NC(=O)[C@H](CCCNC(=N)N)NC(=O)[C@@H](N)CCC(N)=O)C(=O)N[C@@H](CCCNC(=N)N)C(=O)O,39000.0,-3.61,676.78
CHEMBL2022230,C[C@H](NC(=O)[C@H](CO)NC(=O)[C@H](Cc1ccccc1)NC(=O)[C@H](CCCNC(=N)N)NC(=O)[C@@H](N)CCC(N)=O)C(=O)O,33000.0,-3.88,607.67
CHEMBL301364,O=C(O)CCN1C(=O)[C@@H](NC(=O)[C@@H](S)Cc2ccccc2)CCc2ccccc21,2.4,2.47,412.51
CHEMBL2022226,C[C@H](N)C(=O)N[C@@H](CCCNC(=N)N)C(=O)N[C@@H](Cc1ccccc1)C(=O)N[C@@H](CO)C(=O)N[C@@H](CCCNC(=N)N)C(=O)O,70000.0,-3.88,635.73
CHEMBL4515703,CCCCc1nc(Cl)c(CNC(=O)C(CS)CCCC)n1Cc1ccc(-c2ccccc2C(=O)O)cc1,630.96,6.65,542.15
CHEMBL4456519,CCCOc1nc(CC)c(CNC(=O)[C@@H](S)CC(C)C)n1Cc1ccc(-c2ccccc2C(=O)O)cc1,1.0,5.61,523.7
CHEMBL4591218,CCOc1nc(CC)c(CNC(=O)[C@@H](CS)CC(C)C)n1Cc1ccc(-c2ccccc2C(=O)O)cc1,31.62,5.47,523.7
CHEMBL4543532,CCOc1nc(CC)c(CNC(=O)[C@@H](S)CC(C)C)n1Cc1cc(F)c(-c2ccccc2C(=O)O)cc1F,15.85,5.5,545.65
CHEMBL287896,C[C@H](NC(=O)[C@@H](S)Cc1ccccc1)C(=O)N1CCC[C@H]1C(=O)O,400.0,1.11,350.44
CHEMBL198316,O=C(N[C@H]1Cc2ccccc2C2CCC[C@H](C(=O)O)N2C1=O)[C@H](S)Cc1ccccc1,0.08,2.78,438.55
CHEMBL328737,CC[C@H](C)C(NCC(=O)O)C(=O)N[C@@H](Cc1ccc(-c2ccccc2)cc1)C(=O)O,200.0,2.55,412.49
CHEMBL357311,O=C1N[C@H](C(=O)O)CCCCCc2ccccc2C[C@H]1CS,3.0,2.46,321.44
CHEMBL4067185,C[C@H](N[C@@H](CCc1ccccc1)C(=O)O)C(=O)N1C[C@@H](NC(=O)C[C@H](N)Cc2cc(F)c(F)cc2F)C[C@H]1C(=O)O,100000.0,1.6,578.59
CHEMBL36382,CC(C)[C@H](NC(=O)[C@H](CC#Cc1ccccc1F)NCP(=O)(O)O)C(=O)O,6300.0,0.89,400.34
CHEMBL417507,O=C(NCCc1ccc(Br)cc1)[C@H](CC#Cc1ccccc1F)NCP(=O)(O)O,40000.0,2.78,483.27
CHEMBL448098,O=C(O)[C@H](CC#Cc1ccccc1F)NCP(=O)(O)O,11000.0,0.75,301.21
CHEMBL11495,O=C(NC(Cc1ccc(O)cc1)C(=O)O)C(CS)Cc1ccccc1,2.0,2.29,359.45
CHEMBL299946,O=C(CN1Cc2c(Cl)cccc2NS1(=O)=O)NO,100000.0,0.32,291.72
CHEMBL2029395,N=C(N)NCCC[C@H](NC(=O)[C@@H](N)CCC(N)=O)C(=O)N[C@@H](Cc1ccccc1)C(=O)N[C@@H](CO)C(=O)O,100000.0,-3.38,536.59
CHEMBL225085,COCC[C@H](CC1(C(=O)NCCCc2ccc(Cl)cc2)CCCC1)C(=O)O,2.3,4.08,395.93
CHEMBL191879,CC(=O)S[C@@H]1C[C@@H](COCc2cc(F)c(F)cc2F)N(C(=O)Oc2cccc3c2OCCO3)C1,100000.0,4.31,497.49
CHEMBL93180,O=C(O)[C@H](Cc1ccc(-c2ccccc2)cc1)NC(=O)[C@H](Cc1ccccc1)NCP(=O)(O)O,35.0,2.8,482.47
CHEMBL330507,O=C(O)[C@H](Cc1ccc(-c2ccccc2)cc1)NC(=O)[C@H](Cc1cccs1)NCP(=O)(O)O,73.0,2.86,488.5
CHEMBL37527,CCCCC(C[C@@H](Cc1ccc(-c2ccccc2)cc1)C(=O)Nc1nc(CC(=O)O)cs1)C(=O)O,9.8,5.52,494.61
CHEMBL4086264,CC[C@H](N[C@@H](CCc1ccccc1)C(=O)O)C(=O)N1C[C@@H](NC(=O)C[C@H](N)Cc2cc(F)c(F)cc2F)C[C@H]1C(=O)O,100000.0,1.99,592.62
CHEMBL319836,CC[C@@H](C)[C@H](S)C(=O)NC1CCc2cccc3c2N(C1=O)[C@H](C(=O)O)C3,1000.0,1.8,376.48
CHEMBL37456,O=C(NCCc1ccccn1)[C@H](CC#Cc1ccc(F)cc1F)NCP(=O)(O)O,10000.0,1.55,423.36
CHEMBL177000,COC(=O)c1ccccc1NC(=O)CN(C)C(=O)C1C[C@@H](S)CN1S(=O)(=O)c1ccc2ccccc2c1,81900.0,2.78,541.65
CHEMBL1778527,CCC[C@H](NC1(C(=O)N[C@@H](Cc2nc(CC)co2)C(=O)O)CCCC1)C(=O)O,22.0,1.5,395.46
CHEMBL342091,O=C1N[C@H](C(=O)O)CCCCCc2ccccc2C[C@@H]1CS,3.0,2.46,321.44
CHEMBL10247,O=C(O)CNC(=O)C(CS)Cc1ccccc1,4.3,0.98,253.32
CHEMBL300016,C[C@H](NC(=O)[C@@H](S)Cc1ccccc1)C(=O)N(CC(=O)O)c1ccccc1,137.0,2.15,386.47
CHEMBL93206,CC(C)(C)[C@H](NCP(=O)(O)O)C(=O)N[C@@H](Cc1ccc(-c2ccccc2)cc1)C(=O)O,1000.0,2.61,448.46
CHEMBL100044,C[C@H](S)C(=O)NC1CCc2cccc3c2N(C1=O)[C@H](C(=O)O)C3,1000.0,0.78,334.4
CHEMBL4592467,Cc1ccccc1-c1ccc(C[C@H](CC(=O)O)NC(=O)CCC(=O)O)cc1,21.3,3.03,369.42
CHEMBL1829583,O=C(O)CCNC(=O)[C@H](Cc1ccc(-c2ccccc2)cc1)NCC(=O)O,9.7,1.53,370.4
CHEMBL1829584,O=C(O)CCNC(=O)[C@H](Cc1ccc(-c2ccccc2)cc1)N[C@@H](CCc1ccccc1)C(=O)O,0.36,3.53,474.56
CHEMBL4437331,CCCCc1nc(CC(C)C)c(CNC(=O)[C@@H](CS)CC(C)C)n1Cc1ccc(-c2ccccc2C(=O)O)cc1,125.89,7.05,563.81
CHEMBL3676155,O=C(O)CCC(=O)N[C@@H](CC(=O)O)Cc1ccc(-c2ccccc2)cc1,25.0,2.72,355.39
CHEMBL4475874,Nc1cccc(-c2ccc(C[C@H](CC(=O)O)NC(=O)CCC(=O)O)cc2)c1,44.0,2.3,370.41
CHEMBL416522,Cc1ccccc1C(C)C(CS)C(=O)NC(Cc1ccc(O)cc1)C(=O)O,11.0,3.16,387.5
CHEMBL415967,O=P(O)(O)C(Cc1ccc2ccccc2c1)N[C@@H](Cc1ccc(-c2ccccc2)cc1)c1nnn[nH]1,6.9,4.64,499.51
CHEMBL146573,O=C1N[C@H](C(=O)O)CCCCCCc2ccccc2C[C@H]1CS,224.0,2.85,335.47
CHEMBL10247,O=C(O)CNC(=O)C(CS)Cc1ccccc1,4.8,0.98,253.32
CHEMBL4465325,CCOc1nc(CC)c(CNC(=O)[C@@H](S)CC(C)C)n1Cc1ccc(-c2ccccc2C(=O)O)cc1,1.0,5.22,509.67
CHEMBL10555,O=P(O)(O)C(N[C@@H](Cc1ccc(-c2ccccc2)cc1)c1nnn[nH]1)c1cccc2ccccc12,,4.77,485.48
CHEMBL418704,O=P(O)(O)C(Cc1ccccc1)N[C@H](Cc1ccc(-c2ccccc2)cc1)c1nnn[nH]1,17.0,3.49,449.45
CHEMBL2024266,N=C(N)NCCC[C@H](NC(=O)[C@H](CO)NC(=O)[C@H](CCc1ccccc1)NC(=O)[C@H](CCCNC(=N)N)NC(=O)[C@@H](N)CCC(N)=O)C(=O)O,70000.0,-4.25,706.81
CHEMBL3221956,COC(=O)[C@H](CC(=O)N[C@H](CO)C(=O)O)CC(C)C,1000000.0,-0.23,275.3
CHEMBL3221957,COC(=O)[C@@H](CC(=O)N[C@H](CO)C(=O)O)CC(C)C,1000000.0,-0.23,275.3
CHEMBL211383,CCC[C@@H](CC1(C(=O)NC2(CO)Cc3ccccc3C2)CCCC1)C(=O)O,205.0,3.08,373.49
CHEMBL4564942,CCOc1ccccc1-c1ccc(C[C@H](CC(=O)O)NC(=O)CCC(=O)O)cc1,413.0,3.12,399.44
CHEMBL61566,CCCN1CCC[C@H](NC(=O)[C@@H](S)Cc2ccccc2)C(=O)N1CC(=O)O,1490.0,1.35,393.51
CHEMBL379065,CCc1nnc(NC(=O)C2(CC(CCc3ccccc3)C(=O)O)CCCC2)s1,46.0,4.32,401.53
CHEMBL290698,O=P(O)(O)CN[C@@H](Cc1ccc(-c2ccccc2)cc1)c1nn[nH]n1,0.9,1.88,359.33
CHEMBL290868,O=C(NCCc1cccc2ccccc12)[C@H](CC#Cc1ccc(F)cc1F)NCP(=O)(O)O,6200.0,3.31,472.43
CHEMBL417007,C[C@H](C[C@@H](Cc1ccc(-c2ccccc2)cc1)NC(=O)CCC(=O)O)C(=O)O,20.0,3.36,383.44
CHEMBL450935,CC(C)CN(C[C@H](O)C(=O)O)C(=O)N[C@@H](Cc1ccc2ccccc2c1)C(=O)O,4.0,1.95,402.45
CHEMBL2024268,N=C(N)NCCC[C@H](NC(=O)[C@H](CO)NC(=O)[C@H](Cc1ccc(O)cc1)NC(=O)[C@H](CCCNC(=N)N)NC(=O)[C@@H](N)CCC(N)=O)C(=O)O,70000.0,-4.93,708.78
CHEMBL4449166,CCCCc1nc(Cl)c(CNC(=O)[C@H](S)CC(C)C)n1Cc1ccc(-c2ccccc2C(=O)O)cc1,2.512,6.25,528.12
CHEMBL4438435,CCCCc1nc(Cl)c(CNC(=O)C(CS)C(C)c2ccccc2)n1Cc1ccc(-c2ccccc2C(=O)O)cc1,1258.93,7.26,590.19
CHEMBL4435800,CCOc1nc(CC)c(CNC(=O)[C@@H](S)CC(C)C)n1Cc1ccc(-c2ccccc2C(=O)O)cc1F,0.631,5.36,527.66
CHEMBL3222111,CC(C)C[C@H](CC(=O)O)C(=O)N[C@@H](CO)C(=O)O,6309.57,-0.31,261.27
CHEMBL4438878,CCCOc1nc(CC)c(CNC(=O)[C@@H](CS)CC(C)C)n1Cc1ccc(-c2ccccc2C(=O)O)cc1,50.12,5.86,537.73
CHEMBL4442804,C[C@@H](C[C@@H](Cc1ccc(-c2cccc(Cl)c2)cc1)NC(=O)CCC(=O)O)C(=O)O,2.0,4.01,417.89
CHEMBL3676141,COc1ccccc1-c1ccc(C[C@H](CC(=O)O)NC(=O)CCC(=O)O)cc1,4.5,2.73,385.42
CHEMBL298827,O=C(O)CNC(=O)[C@@H](CS)Cc1ccccc1,20.0,0.98,253.32
CHEMBL4456544,CCCCc1nc(C2CC2)c(CNC(=O)[C@@H](CS)CC(C)C)n1Cc1ccc(-c2ccccc2C(=O)O)cc1,125.89,6.72,547.77
CHEMBL4470834,CCCCc1nc(Cl)c(CNC(=O)C(CS)CC(C)C)n1Cc1ccc(-c2ccccc2-c2nnn[nH]2)cc1,3162.28,5.98,566.18
CHEMBL4451425,CCCCc1nc(Cl)c(CNC(=O)C(CS)Cc2ccc(-c3ccccc3)cc2)n1Cc1ccc(-c2ccccc2C(=O)O)cc1,1995.26,8.36,652.26
CHEMBL4535256,CCCCc1nc(C)c(CNC(=O)[C@@H](CS)CC(C)C)n1Cc1ccc(-c2ccccc2C(=O)O)cc1,79.43,6.16,521.73
CHEMBL10247,O=C(O)CNC(=O)C(CS)Cc1ccccc1,1.995,0.98,253.32
CHEMBL4552884,CCCCc1nc(Cl)c(CNC(=O)C(CS)CC2CCCC2)n1Cc1ccc(-c2ccccc2C(=O)O)cc1,1000.0,7.04,568.18
CHEMBL3633448,N=C(N)NCCC[C@H](NC(=O)[C@H](CS)NC(=O)[C@H](Cc1ccccc1)NC(=O)[C@H](CCCNC(=N)N)NC(=O)[C@@H](N)CCC(N)=O)C(=O)O,100000.0,-3.7,708.85
CHEMBL4459070,CCCCc1nc(Cl)c(CNC(=O)C(CS)CC2CC2)n1Cc1ccc(-c2ccccc2C(=O)O)cc1,316.23,6.25,540.13
CHEMBL4558883,CCCCc1nc(Cl)c(CNC(=O)C(CS)Cc2ccccc2)n1Cc1ccc(-c2ccccc2-c2nnn[nH]2)cc1,1995.26,6.18,600.19
CHEMBL4568554,CCCCc1nc(Cl)c(CNC(=O)C(CS)CCC(C)C)n1Cc1ccc(-c2ccccc2C(=O)O)cc1,316.23,6.89,556.17
CHEMBL4458683,CCCCc1nc(Cl)c(CNC(=O)C(CS)C(C)CC)n1Cc1ccc(-c2ccccc2C(=O)O)cc1,1258.93,6.5,542.15
CHEMBL4463575,CCCCc1nc(Cl)c(CNC(=O)C(CS)CC(CC)CC)n1Cc1ccc(-c2ccccc2C(=O)O)cc1,39.81,7.28,570.2
CHEMBL4534876,CCCCc1nc(Cl)c(CNC(=O)C(CS)Cc2cccc3ccccc23)n1Cc1ccc(-c2ccccc2C(=O)O)cc1,630.96,7.85,626.22
CHEMBL4471668,CCCCc1nc(Cl)c(CNC(=O)C(CS)Cc2ccc3ccccc3c2)n1Cc1ccc(-c2ccccc2C(=O)O)cc1,398.11,7.85,626.22
CHEMBL4447138,CCCCc1nc(CC)c(CNC(=O)[C@@H](S)CC(C)C)n1Cc1ccc(-c2ccccc2C(=O)O)cc1,3.162,6.16,521.73
CHEMBL3676140,O=C(O)CCC(=O)N[C@@H](CC(=O)O)Cc1ccc(-c2cccc(F)c2)cc1,6.7,2.86,373.38
CHEMBL4518025,COc1cccc(-c2ccc(C[C@H](CC(=O)O)NC(=O)CCC(=O)O)cc2)c1,60.0,2.73,385.42
CHEMBL4440944,CCCCc1nc(Cl)c(CNC(=O)CNC(=O)C(CS)Cc2ccccc2)n1Cc1ccc(-c2ccccc2-c2nnn[nH]2)cc1,1258.93,5.3,657.24
CHEMBL4579452,CCCCc1nc(Cl)c(CNC(=O)C(CS)Cc2ccccc2)n1Cc1ccc(-c2ccccc2C(=O)O)cc1,7943.28,6.7,576.16
CHEMBL4472489,CCCCc1nc(Cl)c(CNC(=O)C(CS)CC2CCCCC2)n1Cc1ccc(-c2ccccc2C(=O)O)cc1,630.96,7.43,582.21
CHEMBL4463203,CCCCc1nc(Cl)c(CNC(=O)[C@H](CS)CC(C)C)n1Cc1ccc(-c2ccccc2C(=O)O)cc1,39.81,6.5,542.15
CHEMBL3677671,C[C@@H](C[C@@H](Cc1ccc(-c2cccc(Cl)c2)cc1)NC(=O)c1cc(O)no1)C(=O)O,0.04,4.15,428.87
CHEMBL3221958,CC(C)C[C@H]1CC(=O)N([C@@H](CO)C(=O)O)C1=O,2511.89,-0.15,243.26
CHEMBL4443565,O=C(O)CCC(=O)N[C@@H](CC(=O)O)Cc1ccc(-c2ccccc2OC(F)(F)F)cc1,212.0,3.62,439.39
CHEMBL3677665,C[C@H](C[C@@H](Cc1ccc(-c2ccccc2)cc1)NC(=O)c1cccc(C(=O)O)c1)C(=O)O,283.0,4.5,431.49
CHEMBL3676144,COc1ccc(Cl)cc1-c1ccc(C[C@H](CC(=O)O)NC(=O)CCC(=O)O)cc1,0.38,3.38,419.86
CHEMBL4559586,O=C(O)CCC(=O)N[C@@H](CC(=O)O)Cc1ccc(-c2ccccc2C(F)(F)F)cc1,1370.0,3.74,423.39
CHEMBL4458213,O=C(O)CCC(=O)N[C@@H](CC(=O)O)Cc1ccc(-c2ccc(Cl)cc2)cc1,1950.0,3.37,389.84
CHEMBL191,CCCCc1nc(Cl)c(CO)n1Cc1ccc(-c2ccccc2-c2nnn[nH]2)cc1,10000.0,4.27,422.92
CHEMBL4469350,CCCCc1nc(Cl)c(CNC(=O)[C@@H](S)CC(C)C)n1Cc1ccc(-c2ccccc2C(=O)O)cc1,1.0,6.25,528.12
CHEMBL4458466,CCCCc1nc(CC(C)C)c(CNC(=O)[C@@H](S)CC(C)C)n1Cc1ccc(-c2ccccc2C(=O)O)cc1,19.95,6.8,549.78
CHEMBL3677673,C[C@H](C[C@@H](Cc1ccc(-c2cccc(Cl)c2)cc1)NC(=O)c1cc(C(=O)O)n[nH]1)C(=O)O,0.03,3.88,455.9
CHEMBL3677664,C[C@H](C[C@@H](Cc1ccc(-c2ccccc2)cc1)NC(=O)c1c[nH]c(C(=O)O)n1)C(=O)O,7.3,3.23,421.45
CHEMBL4547205,O=C(O)CCC(=O)N[C@@H](CC(=O)O)Cc1ccc(-c2cccc(C(F)(F)F)c2)cc1,111.0,3.74,423.39
CHEMBL3221960,COC(=O)C(CC(C)C)C(=O)N[C@H](CO)C(=O)O,1000000.0,-0.62,261.27
CHEMBL4474870,CCOc1nc(CC)c(CNC(=O)[C@@H](S)CC(C)C)n1Cc1ccc(-c2ccccc2C(=O)O)c(F)c1,3.162,5.36,527.66
CHEMBL417007,C[C@H](C[C@@H](Cc1ccc(-c2ccccc2)cc1)NC(=O)CCC(=O)O)C(=O)O,6.0,3.36,383.44
CHEMBL4471166,N#Cc1ccccc1-c1ccc(C[C@H](CC(=O)O)NC(=O)CCC(=O)O)cc1,792.0,2.59,380.4
CHEMBL4448802,O=C(O)CCC(=O)N[C@@H](CC(=O)O)Cc1ccc(-c2cccc(OC(F)(F)F)c2)cc1,275.0,3.62,439.39
CHEMBL3221954,COC(=O)[C@H](CC(=O)N[C@@H](CO)C(=O)O)CC(C)C,79432.82,-0.23,275.3
CHEMBL4434901,O=C(O)CCC(=O)N[C@@H](CC(=O)O)Cc1ccc(-c2ccccc2F)cc1,24.0,2.86,373.38
CHEMBL4550194,CC(=O)Nc1cccc(-c2ccc(C[C@H](CC(=O)O)NC(=O)CCC(=O)O)cc2)c1,4862.0,2.68,412.44
CHEMBL299639,O=C(O)CN1C(=O)[C@@H](NC(=O)[C@@H](S)Cc2ccccc2)CCc2ccccc21,6.1,2.08,398.48
CHEMBL50582,C[C@H](NC(=O)[C@@H](CS)Cc1ccccc1)C(=O)N1c2ccccc2C[C@H]1C(=O)O,2.6,2.32,412.51
CHEMBL51576,O=C(O)CN1Cc2ccccc2C[C@H](NC(=O)[C@@H](S)Cc2ccccc2)C1=O,175.0,1.68,398.48
CHEMBL287896,C[C@H](NC(=O)[C@@H](S)Cc1ccccc1)C(=O)N1CCC[C@H]1C(=O)O,400.0,1.11,350.44
CHEMBL49920,C[C@H](NC(=O)[C@@H](CS)Cc1ccccc1)C(=O)N1Cc2ccccc2C[C@H]1C(=O)O,3.9,2.32,426.54
